{"features":[{"type":"Feature","properties":{"name":"Malaysia","ISO3166-1-Alpha-3":"MYS","ISO3166-1-Alpha-2":"MY"},"geometry":{"type":"MultiPolygon","coordinates":[[[[117.703608,4.163415],[117.697113,4.169053],[117.644054,4.215237],[117.640147,4.227444],[117.647634,4.240627],[117.665538,4.253119],[117.686046,4.262844],[117.701671,4.267524],[117.720225,4.266425],[117.756358,4.254584],[117.774425,4.251654],[117.785411,4.246649],[117.794932,4.235256],[117.808279,4.214057],[117.817719,4.204739],[117.826345,4.199408],[117.836192,4.196967],[117.849864,4.196357],[117.896251,4.181342],[117.900645,4.171454],[117.900727,4.171291],[117.907039,4.156683],[117.852557,4.157242],[117.783572,4.157242],[117.738071,4.157242],[117.703608,4.163415],[117.703608,4.163415]]],[[[102.07309,6.257514],[102.098643,6.239081],[102.15211,6.203192],[102.163585,6.197496],[102.187022,6.203437],[102.191661,6.215074],[102.183116,6.223049],[102.16684,6.217963],[102.178071,6.233629],[102.199555,6.232815],[102.315684,6.190375],[102.338145,6.176988],[102.379893,6.132961],[102.499848,5.897406],[102.520763,5.871731],[102.542003,5.854763],[102.550466,5.848049],[102.603282,5.815375],[102.626313,5.797187],[102.646007,5.772935],[102.659028,5.740546],[102.6692,5.725002],[102.696462,5.712877],[102.875662,5.571438],[102.918142,5.550442],[102.959483,5.54206],[102.975597,5.531317],[103.027599,5.4855],[103.120291,5.381334],[103.222423,5.221137],[103.257335,5.136176],[103.356619,4.970404],[103.415294,4.863349],[103.421235,4.844143],[103.425059,4.837144],[103.442638,4.816596],[103.448009,4.806545],[103.448578,4.795071],[103.441173,4.76557],[103.442638,4.742825],[103.452485,4.701077],[103.469412,4.550035],[103.46811,4.527086],[103.458263,4.508287],[103.451427,4.488471],[103.463715,4.443752],[103.461681,4.429145],[103.494151,4.336615],[103.49643,4.30622],[103.493907,4.295315],[103.480317,4.26024],[103.472341,4.248236],[103.465831,4.242092],[103.451671,4.225165],[103.448009,4.217475],[103.448416,4.208808],[103.454845,4.182766],[103.448578,4.172431],[103.4428,4.168972],[103.440929,4.167873],[103.432791,4.164862],[103.424653,4.159166],[103.403982,4.131822],[103.395193,4.116278],[103.394054,4.098619],[103.40089,4.067328],[103.437999,3.975043],[103.434337,3.950019],[103.411632,3.963935],[103.394705,3.935004],[103.384044,3.890326],[103.380382,3.857489],[103.381358,3.820502],[103.378429,3.802436],[103.361013,3.801988],[103.351085,3.789211],[103.342784,3.771918],[103.338715,3.758205],[103.33961,3.738349],[103.344981,3.721584],[103.383556,3.637274],[103.387218,3.624742],[103.404552,3.600043],[103.438731,3.567816],[103.462169,3.534125],[103.448009,3.50495],[103.482188,3.511786],[103.43336,3.408393],[103.428071,3.367174],[103.444509,3.243557],[103.451427,3.223782],[103.456065,3.203762],[103.434581,2.961819],[103.441173,2.922105],[103.473643,2.85102],[103.520193,2.789008],[103.638438,2.672105],[103.64031,2.671291],[103.65211,2.666002],[103.667491,2.662909],[103.685069,2.662055],[103.69044,2.659125],[103.705414,2.645453],[103.716156,2.641547],[103.725841,2.643052],[103.749685,2.654608],[103.765147,2.648912],[103.766775,2.64175],[103.764171,2.633246],[103.7671,2.623847],[103.801768,2.596869],[103.813975,2.581488],[103.839692,2.524848],[103.831065,2.501695],[103.830333,2.482367],[103.837657,2.463813],[103.911388,2.370673],[103.920095,2.362616],[103.942068,2.346503],[103.948985,2.339911],[103.95338,2.329413],[103.953624,2.309475],[103.955821,2.298285],[103.962413,2.287299],[103.979991,2.26557],[103.983653,2.253648],[103.981456,2.24433],[103.97169,2.224595],[103.969412,2.212714],[103.97641,2.192369],[104.023285,2.134467],[104.048839,2.071763],[104.067231,2.04682],[104.078868,2.021796],[104.08546,2.010972],[104.106456,1.986884],[104.112804,1.976142],[104.12086,1.954047],[104.122325,1.934638],[104.11964,1.891181],[104.124278,1.870551],[104.135427,1.848944],[104.149181,1.83747],[104.161143,1.847073],[104.167491,1.847073],[104.195323,1.798733],[104.204275,1.752875],[104.222911,1.726874],[104.228038,1.712104],[104.229503,1.67829],[104.235362,1.664374],[104.247244,1.650539],[104.255219,1.637763],[104.249848,1.627346],[104.256521,1.613837],[104.263682,1.57217],[104.284028,1.517483],[104.293712,1.471584],[104.294688,1.446519],[104.287852,1.435533],[104.279552,1.426459],[104.2824,1.382636],[104.277354,1.367336],[104.239594,1.367336],[104.23463,1.364],[104.224132,1.349514],[104.219249,1.346177],[104.174083,1.348212],[104.15447,1.352281],[104.114024,1.368476],[104.106212,1.37519],[104.105235,1.385403],[104.105968,1.404486],[104.100597,1.41885],[104.088634,1.429429],[104.07488,1.438707],[104.064952,1.448635],[104.059418,1.485338],[104.086274,1.502875],[104.12322,1.517524],[104.147634,1.545396],[104.128917,1.549709],[104.111176,1.545071],[104.094493,1.535224],[104.060802,1.510077],[104.053396,1.506293],[104.049815,1.513088],[104.043956,1.531195],[104.012218,1.596869],[103.988536,1.632392],[103.965994,1.647854],[103.960216,1.63581],[103.970388,1.608629],[104.008311,1.548733],[104.008637,1.534857],[104.003429,1.506903],[104.005707,1.493842],[104.01002,1.479478],[104.012462,1.46426],[104.009776,1.448635],[103.974457,1.419827],[103.926524,1.431708],[103.839692,1.476549],[103.814301,1.474514],[103.774099,1.453681],[103.753103,1.448635],[103.712657,1.452094],[103.697602,1.450629],[103.681407,1.441799],[103.630056,1.377427],[103.600108,1.353461],[103.564708,1.359849],[103.562755,1.364407],[103.555512,1.374742],[103.547862,1.382066],[103.5442,1.377183],[103.545258,1.365953],[103.550059,1.35106],[103.551036,1.342841],[103.548513,1.331692],[103.530528,1.305243],[103.516368,1.270453],[103.50408,1.289944],[103.469005,1.319973],[103.454845,1.339423],[103.4463,1.35932],[103.41391,1.467841],[103.395356,1.506415],[103.367361,1.538398],[103.325043,1.565334],[103.206065,1.610419],[103.03712,1.715522],[102.996349,1.734931],[102.974132,1.741156],[102.951182,1.743394],[102.934581,1.747545],[102.923188,1.75788],[102.906749,1.784369],[102.887462,1.807115],[102.863617,1.827786],[102.835623,1.845649],[102.804454,1.860093],[102.788422,1.854193],[102.73878,1.846625],[102.721853,1.847073],[102.699392,1.859442],[102.686209,1.879055],[102.667166,1.921576],[102.650645,1.940904],[102.568858,2.006415],[102.557628,2.018744],[102.550466,2.03144],[102.559093,2.033189],[102.560313,2.036444],[102.558279,2.040595],[102.557302,2.045111],[102.544688,2.057685],[102.526866,2.070868],[102.489024,2.092922],[102.348643,2.14997],[102.187999,2.216376],[102.154307,2.235663],[102.126964,2.25731],[102.05128,2.340888],[102.040294,2.346137],[102.018728,2.350409],[101.999034,2.36164],[101.987071,2.377143],[101.98878,2.394517],[101.972179,2.398586],[101.956228,2.404771],[101.926768,2.422431],[101.90919,2.410793],[101.877452,2.40884],[101.865245,2.394517],[101.858165,2.41942],[101.856212,2.451361],[101.851085,2.478949],[101.834239,2.490709],[101.827403,2.494127],[101.817719,2.502183],[101.803233,2.518012],[101.783051,2.575873],[101.774425,2.586575],[101.760997,2.592108],[101.71339,2.596584],[101.700938,2.604153],[101.690929,2.614895],[101.673513,2.627265],[101.618337,2.636908],[101.597911,2.646308],[101.56422,2.652004],[101.542328,2.661282],[101.502778,2.689399],[101.479666,2.716986],[101.430186,2.792467],[101.399181,2.819078],[101.355154,2.82925],[101.310557,2.833564],[101.286388,2.849677],[101.303477,2.894843],[101.281016,2.897854],[101.283051,2.9112],[101.332774,2.972357],[101.347179,2.9855],[101.361583,2.991034],[101.372813,3.002346],[101.372813,3.028306],[101.365001,3.076361],[101.358572,3.08926],[101.329845,3.111762],[101.323416,3.124457],[101.303477,3.254828],[101.297618,3.274604],[101.283214,3.290839],[101.248871,3.319973],[101.244884,3.327582],[101.241466,3.336615],[101.235688,3.344143],[101.215587,3.349189],[101.20574,3.353827],[101.197602,3.35932],[101.194184,3.364081],[101.187185,3.380194],[101.139659,3.442857],[101.108409,3.473944],[101.102224,3.482896],[101.094005,3.505805],[101.074229,3.53441],[101.064464,3.579047],[101.05714,3.600531],[101.040538,3.621975],[100.967947,3.672065],[100.94337,3.682603],[100.933604,3.689276],[100.927989,3.696601],[100.912446,3.724066],[100.886485,3.756334],[100.86964,3.768012],[100.822927,3.776068],[100.812266,3.786566],[100.813243,3.803778],[100.823741,3.827094],[100.841563,3.843736],[100.845388,3.851264],[100.833995,3.854397],[100.811778,3.851223],[100.800548,3.847805],[100.795909,3.843817],[100.784841,3.839342],[100.760102,3.847154],[100.73463,3.859442],[100.720714,3.868069],[100.709483,3.883043],[100.70338,3.898871],[100.700694,3.917222],[100.701182,3.967231],[100.706309,3.983588],[100.718761,3.990871],[100.781749,3.988023],[100.801524,3.991116],[100.817393,4.01081],[100.834646,4.018541],[100.854991,4.022162],[100.87143,4.018866],[100.861501,4.040351],[100.838145,4.037991],[100.814301,4.026068],[100.803233,4.018866],[100.777599,4.021389],[100.77296,4.037014],[100.776703,4.060533],[100.776052,4.086493],[100.76588,4.09984],[100.713878,4.134955],[100.69752,4.150865],[100.677745,4.165188],[100.655528,4.169501],[100.632579,4.155463],[100.622569,4.175849],[100.613048,4.208401],[100.608897,4.23843],[100.615245,4.251654],[100.600271,4.256537],[100.595714,4.268744],[100.594981,4.28441],[100.590994,4.300035],[100.5796,4.311225],[100.569672,4.313381],[100.56544,4.319159],[100.570567,4.34101],[100.579845,4.366441],[100.583018,4.380072],[100.584239,4.399075],[100.588552,4.412258],[100.607677,4.426215],[100.612071,4.440009],[100.614757,4.46776],[100.632579,4.532904],[100.645518,4.560045],[100.630219,4.553941],[100.612315,4.558743],[100.597341,4.571926],[100.590994,4.590806],[100.594412,4.610907],[100.60377,4.629462],[100.616954,4.638251],[100.632579,4.629055],[100.639496,4.643134],[100.647309,4.654731],[100.656098,4.663723],[100.666189,4.669908],[100.642345,4.674302],[100.620372,4.666205],[100.604177,4.665839],[100.59783,4.693549],[100.594493,4.743069],[100.603852,4.756049],[100.632579,4.758124],[100.632579,4.76557],[100.626801,4.766588],[100.612071,4.772366],[100.619802,4.786444],[100.617361,4.792914],[100.59783,4.799709],[100.587657,4.800971],[100.581228,4.797919],[100.576182,4.799262],[100.570567,4.813381],[100.569509,4.827135],[100.577403,4.84398],[100.577403,4.854315],[100.571544,4.857733],[100.561778,4.858303],[100.553071,4.862047],[100.550059,4.875434],[100.539887,4.870022],[100.529145,4.867865],[100.505382,4.867987],[100.494395,4.87226],[100.499278,4.881049],[100.509613,4.888617],[100.51531,4.889065],[100.514659,4.902493],[100.510997,4.906928],[100.503429,4.910142],[100.49171,4.919827],[100.4817,4.924709],[100.470714,4.922309],[100.460704,4.916002],[100.453868,4.908922],[100.44158,4.922838],[100.435802,4.936103],[100.432384,4.949652],[100.426524,4.964179],[100.401866,4.992336],[100.395681,5.013373],[100.380707,5.047349],[100.372325,5.061428],[100.364513,5.084296],[100.365896,5.092515],[100.369477,5.093248],[100.374197,5.091946],[100.378673,5.09455],[100.388845,5.105658],[100.400076,5.114895],[100.409028,5.126654],[100.41627,5.159613],[100.430919,5.190619],[100.433279,5.211168],[100.430675,5.222357],[100.421153,5.242418],[100.418956,5.248481],[100.421235,5.260647],[100.431163,5.278957],[100.433279,5.290025],[100.430024,5.302883],[100.406016,5.348375],[100.385265,5.376939],[100.380219,5.390692],[100.378673,5.413275],[100.384939,5.499254],[100.378429,5.522773],[100.355724,5.56269],[100.350841,5.584215],[100.344005,5.669257],[100.353201,5.665351],[100.364919,5.662665],[100.376313,5.663316],[100.384939,5.669257],[100.386404,5.679104],[100.378754,5.685207],[100.369151,5.689602],[100.364513,5.694078],[100.375743,5.81094],[100.349132,6.012681],[100.340587,6.029934],[100.325938,6.049058],[100.313975,6.070624],[100.296153,6.115546],[100.26002,6.180894],[100.247895,6.220771],[100.232595,6.236233],[100.199962,6.258979],[100.174571,6.290961],[100.152843,6.33393],[100.137462,6.38052],[100.131114,6.423407],[100.127289,6.442288],[100.135572,6.457721],[100.144357,6.47958],[100.148491,6.504488],[100.148078,6.513221],[100.144822,6.530584],[100.145701,6.539524],[100.152419,6.549989],[100.161204,6.557456],[100.167198,6.566138],[100.165183,6.580323],[100.157173,6.603526],[100.156088,6.620579],[100.162754,6.661119],[100.164046,6.683728],[100.166836,6.695122],[100.173296,6.703416],[100.187559,6.707964],[100.196654,6.702486],[100.1992,6.699414],[100.203785,6.693882],[100.212363,6.689179],[100.227505,6.688869],[100.227505,6.690833],[100.242646,6.700264],[100.251741,6.701091],[100.263316,6.700006],[100.273962,6.696259],[100.280783,6.688921],[100.317887,6.576706],[100.329204,6.557766],[100.348789,6.54061],[100.377659,6.526754],[100.387391,6.522084],[100.409664,6.515262],[100.42651,6.513893],[100.452349,6.516864],[100.467231,6.513221],[100.499168,6.490303],[100.517409,6.481905],[100.578439,6.464258],[100.612649,6.449168],[100.630684,6.444776],[100.648409,6.447153],[100.71285,6.493041],[100.729954,6.493197],[100.731505,6.487021],[100.731195,6.464723],[100.733882,6.456377],[100.742305,6.450124],[100.751607,6.448806],[100.761891,6.448961],[100.773259,6.447308],[100.796307,6.433949],[100.805609,6.414803],[100.808451,6.367261],[100.810725,6.355763],[100.815169,6.344833],[100.827106,6.32455],[100.829018,6.316256],[100.826899,6.307058],[100.823732,6.298604],[100.823385,6.297679],[100.821525,6.288765],[100.822145,6.259877],[100.824574,6.25148],[100.832997,6.236675],[100.837338,6.237191],[100.842816,6.243935],[100.855115,6.247914],[100.868447,6.246157],[100.910099,6.235796],[100.928909,6.240628],[100.95516,6.268637],[100.974281,6.272616],[101.006475,6.246364],[101.023063,6.24099],[101.068952,6.25086],[101.081664,6.246467],[101.088279,6.233522],[101.091018,6.213162],[101.089157,6.188848],[101.080011,6.180347],[101.066885,6.174327],[101.053449,6.15761],[101.052519,6.134562],[101.068538,6.11955],[101.087142,6.105597],[101.094273,6.085754],[101.089002,6.046609],[101.087452,5.989687],[101.080424,5.957028],[101.07877,5.938166],[101.071122,5.919846],[101.052932,5.913103],[101.031848,5.908917],[101.015312,5.898349],[100.974281,5.815305],[100.967718,5.804117],[100.965289,5.792412],[100.967201,5.781018],[100.972427,5.772853],[100.980017,5.760993],[100.991747,5.73748],[100.99862,5.729548],[101.008387,5.725672],[101.027404,5.726551],[101.037326,5.724587],[101.059805,5.709575],[101.07877,5.687768],[101.093963,5.662653],[101.105435,5.637642],[101.122179,5.62989],[101.149981,5.638649],[101.196851,5.666813],[101.212302,5.681515],[101.225015,5.699214],[101.233593,5.719419],[101.236642,5.741666],[101.248993,5.786986],[101.279688,5.803032],[101.318962,5.810086],[101.357565,5.828405],[101.392653,5.851091],[101.500201,5.892694],[101.53466,5.906023],[101.557914,5.911346],[101.579308,5.906333],[101.595121,5.885352],[101.599772,5.874061],[101.605147,5.866103],[101.612898,5.861349],[101.624577,5.859411],[101.634085,5.855587],[101.634395,5.847344],[101.631295,5.837371],[101.630778,5.828405],[101.650363,5.782646],[101.665918,5.765592],[101.686692,5.7612],[101.696614,5.766264],[101.697567,5.767138],[101.714752,5.782904],[101.726793,5.78647],[101.740022,5.782361],[101.747877,5.772388],[101.754181,5.76027],[101.762863,5.749547],[101.784154,5.7381],[101.800483,5.739909],[101.812266,5.752544],[101.820224,5.773731],[101.825495,5.779829],[101.854744,5.797658],[101.860842,5.806494],[101.864252,5.815408],[101.869213,5.823858],[101.880324,5.831041],[101.912931,5.859308],[101.919288,5.897574],[101.919753,5.940259],[101.934739,5.981729],[101.959388,6.011598],[102.033441,6.06839],[102.060002,6.094797],[102.071268,6.126656],[102.066656,6.204748],[102.07309,6.257514]]],[[[115.146169,4.908515],[115.162852,4.908026],[115.178233,4.910061],[115.189464,4.917467],[115.198904,4.950751],[115.210623,4.959703],[115.224376,4.958319],[115.235525,4.944322],[115.238617,4.937323],[115.243907,4.935452],[115.265636,4.936916],[115.275238,4.935248],[115.28533,4.93122],[115.293224,4.925727],[115.303966,4.906155],[115.321625,4.900133],[115.342296,4.899807],[115.358409,4.902777],[115.370291,4.910875],[115.403494,4.944322],[115.407888,4.950344],[115.447765,4.985297],[115.479747,5.026028],[115.492198,5.032457],[115.512462,5.035875],[115.531749,5.044623],[115.547618,5.055813],[115.556977,5.067206],[115.562999,5.083157],[115.569835,5.123725],[115.5713,5.160061],[115.573497,5.169664],[115.584239,5.190131],[115.59254,5.198676],[115.601329,5.204576],[115.605235,5.212104],[115.598643,5.225491],[115.560802,5.207831],[115.523774,5.208808],[115.489757,5.222968],[115.400645,5.299994],[115.398123,5.309312],[115.400401,5.317857],[115.39975,5.324205],[115.389171,5.326646],[115.384776,5.324408],[115.365245,5.30744],[115.35963,5.319648],[115.362641,5.333889],[115.368663,5.349311],[115.375255,5.381985],[115.382335,5.39525],[115.389415,5.405666],[115.392589,5.413275],[115.404307,5.423896],[115.456391,5.454332],[115.468272,5.474677],[115.479503,5.489691],[115.550141,5.540188],[115.585216,5.616156],[115.604828,5.63581],[115.618826,5.61286],[115.584321,5.548489],[115.604828,5.519721],[115.610037,5.530097],[115.614431,5.557278],[115.619151,5.568061],[115.653331,5.538642],[115.674083,5.529364],[115.76238,5.523139],[115.79127,5.524888],[115.817719,5.533352],[115.848643,5.560004],[115.87436,5.599351],[115.894216,5.643256],[115.906505,5.68358],[115.914073,5.727444],[115.919932,5.746772],[115.930675,5.763007],[115.945323,5.774848],[116.035167,5.824937],[116.050792,5.842271],[116.057384,5.865139],[116.060313,5.911282],[116.066417,5.93065],[116.127696,6.029771],[116.141856,6.073065],[116.126231,6.102525],[116.10377,6.094713],[116.095958,6.107733],[116.105968,6.126451],[116.136404,6.136054],[116.154063,6.147284],[116.201345,6.217963],[116.222667,6.237209],[116.235362,6.243476],[116.252208,6.245917],[116.264008,6.241889],[116.278982,6.234931],[116.291515,6.232611],[116.296886,6.242499],[116.292735,6.275784],[116.280528,6.278551],[116.261404,6.269355],[116.236095,6.266343],[116.236095,6.27261],[116.263357,6.286851],[116.279063,6.303941],[116.283214,6.307359],[116.290538,6.30858],[116.310557,6.307359],[116.319998,6.313381],[116.322032,6.316718],[116.321951,6.322333],[116.330577,6.354234],[116.333263,6.360582],[116.33839,6.368842],[116.347667,6.379584],[116.436371,6.446845],[116.451427,6.4619],[116.469493,6.475775],[116.488292,6.48428],[116.503184,6.495185],[116.509125,6.516547],[116.509684,6.532065],[116.509776,6.534613],[116.513194,6.553697],[116.520681,6.568752],[116.533946,6.574856],[116.551524,6.588365],[116.613536,6.671088],[116.628591,6.68537],[116.639008,6.699286],[116.64503,6.716946],[116.646983,6.742418],[116.645356,6.776313],[116.646983,6.786526],[116.651134,6.79442],[116.663341,6.811021],[116.667491,6.821275],[116.665782,6.859605],[116.6692,6.87641],[116.69752,6.889716],[116.705821,6.905341],[116.715343,6.94477],[116.716563,6.966742],[116.718923,6.975409],[116.726085,6.978949],[116.730235,6.982408],[116.740977,6.99844],[116.74643,7.010443],[116.755056,7.018744],[116.76588,7.025092],[116.777354,7.02676],[116.780528,7.022773],[116.790863,7.000067],[116.832042,6.973334],[116.838145,6.962144],[116.851817,6.890204],[116.833263,6.900824],[116.82252,6.90412],[116.817638,6.900092],[116.811209,6.868842],[116.810802,6.86286],[116.822276,6.852851],[116.838145,6.847398],[116.852387,6.838528],[116.858653,6.817857],[116.854666,6.77851],[116.843923,6.752265],[116.810802,6.704576],[116.792735,6.669745],[116.778494,6.626532],[116.783946,6.59162],[116.824474,6.581732],[116.84547,6.592027],[116.861013,6.610541],[116.873057,6.628363],[116.883067,6.636298],[116.896739,6.642076],[116.941173,6.68476],[116.973806,6.708075],[116.980235,6.720364],[116.984141,6.75495],[116.989024,6.759182],[116.995616,6.761135],[117.002615,6.766669],[117.016287,6.793931],[117.052501,6.830756],[117.057872,6.845526],[117.051768,6.866197],[117.029307,6.90998],[117.030528,6.931138],[117.038585,6.942613],[117.04656,6.943793],[117.055837,6.940375],[117.068126,6.937974],[117.076671,6.941311],[117.083263,6.948472],[117.085948,6.955756],[117.082042,6.959052],[117.074474,6.963772],[117.07252,6.974311],[117.074474,6.985663],[117.07838,6.992621],[117.088878,6.994696],[117.100841,6.991604],[117.112153,6.987291],[117.119884,6.985785],[117.128673,6.990668],[117.143809,7.00373],[117.150238,7.003119],[117.158051,6.998725],[117.183442,6.98786],[117.191661,6.985785],[117.194998,6.981838],[117.246755,6.950507],[117.252452,6.945787],[117.256521,6.937974],[117.257335,6.920844],[117.250987,6.872789],[117.246593,6.86286],[117.232758,6.855455],[117.228363,6.83808],[117.230317,6.817532],[117.236013,6.800767],[117.271983,6.75373],[117.277599,6.735663],[117.280284,6.67357],[117.284434,6.657416],[117.295909,6.636298],[117.30893,6.628811],[117.349294,6.630113],[117.364757,6.625149],[117.378184,6.613471],[117.399913,6.588568],[117.424815,6.565579],[117.442231,6.553046],[117.458507,6.547553],[117.474864,6.551459],[117.48585,6.562445],[117.509776,6.6022],[117.525401,6.620998],[117.533702,6.621039],[117.536957,6.605699],[117.537608,6.578315],[117.541759,6.577582],[117.564952,6.554389],[117.561046,6.555732],[117.558442,6.551215],[117.557384,6.544745],[117.558116,6.540107],[117.561778,6.538316],[117.574555,6.53498],[117.578624,6.533271],[117.593598,6.519599],[117.603282,6.514716],[117.616222,6.512844],[117.630219,6.519843],[117.64088,6.521715],[117.650645,6.516547],[117.674653,6.488959],[117.685313,6.47309],[117.695323,6.451361],[117.702159,6.451361],[117.705821,6.460028],[117.710704,6.463772],[117.716319,6.462958],[117.722504,6.458197],[117.727061,6.451158],[117.728282,6.443671],[117.728201,6.43476],[117.729503,6.423407],[117.732758,6.41413],[117.741954,6.396715],[117.743826,6.389879],[117.740001,6.380561],[117.733084,6.371568],[117.728526,6.362372],[117.73878,6.335679],[117.729503,6.269477],[117.722992,6.254625],[117.708018,6.252875],[117.674815,6.258979],[117.656261,6.252753],[117.638194,6.240627],[117.609223,6.21483],[117.600352,6.197821],[117.605642,6.18183],[117.627126,6.15648],[117.643321,6.117499],[117.657888,6.111274],[117.661143,6.105618],[117.662608,6.095771],[117.665212,6.088202],[117.665538,6.079901],[117.661143,6.067776],[117.652843,6.059312],[117.643565,6.056301],[117.636078,6.051947],[117.633311,6.039862],[117.639903,6.023424],[117.654145,6.019761],[117.668305,6.013414],[117.674815,5.988959],[117.668956,5.972642],[117.654633,5.958686],[117.61964,5.937445],[117.492849,5.89468],[117.468761,5.868557],[117.486501,5.871772],[117.543793,5.89643],[117.569347,5.902899],[117.640147,5.903266],[117.707042,5.911607],[117.756602,5.906155],[117.774262,5.908026],[117.780284,5.91942],[117.771658,5.944281],[117.782237,5.950629],[117.792654,5.950019],[117.804454,5.946479],[117.818858,5.944281],[117.836599,5.945502],[117.884044,5.954657],[117.893891,5.96133],[117.900076,5.973944],[117.91391,5.986477],[117.941091,6.005683],[117.973643,6.047756],[117.991384,6.056789],[117.995453,6.061713],[118.002615,6.064602],[118.016856,6.060981],[118.050955,6.02619],[118.053233,6.016303],[118.052501,6.005316],[118.053722,5.996324],[118.070974,5.987372],[118.073578,5.975287],[118.072032,5.954779],[118.077159,5.931586],[118.118988,5.875393],[118.124522,5.870347],[118.125173,5.863918],[118.095958,5.824164],[118.081065,5.815375],[118.058849,5.808987],[118.035411,5.807766],[118.016856,5.814521],[118.000011,5.808987],[117.937999,5.814521],[117.921153,5.809027],[117.910411,5.796861],[117.908458,5.784654],[117.917735,5.779202],[117.922048,5.771715],[117.951996,5.694078],[117.960297,5.687161],[117.964854,5.686225],[117.970551,5.688544],[117.982677,5.691067],[117.998057,5.69595],[118.037852,5.714301],[118.054698,5.718329],[118.062755,5.71662],[118.069591,5.707994],[118.078868,5.704657],[118.086599,5.706366],[118.096202,5.710517],[118.106619,5.712592],[118.116466,5.708075],[118.12672,5.693549],[118.134044,5.689643],[118.143728,5.694078],[118.151541,5.705146],[118.151622,5.714097],[118.147146,5.724555],[118.153819,5.742133],[118.158214,5.74901],[118.164561,5.756171],[118.167247,5.76439],[118.159353,5.782782],[118.160818,5.793402],[118.17628,5.805162],[118.220958,5.809556],[118.262218,5.827867],[118.283702,5.823228],[118.335785,5.795844],[118.340668,5.794257],[118.345714,5.798407],[118.3567,5.810777],[118.365245,5.813788],[118.375336,5.809882],[118.384532,5.803941],[118.390798,5.80093],[118.410655,5.796129],[118.513031,5.736762],[118.548106,5.708075],[118.56186,5.699774],[118.579275,5.691718],[118.594005,5.682074],[118.59962,5.669257],[118.595958,5.659369],[118.588634,5.653632],[118.581716,5.64997],[118.578461,5.646308],[118.568696,5.589545],[118.562022,5.56802],[118.558849,5.546861],[118.56544,5.525946],[118.572276,5.525946],[118.582205,5.551337],[118.58839,5.56269],[118.595958,5.571234],[118.600597,5.581285],[118.598969,5.607978],[118.603038,5.61872],[118.62908,5.636623],[118.651052,5.63642],[118.670258,5.623033],[118.717296,5.565823],[118.736583,5.547838],[118.753917,5.540188],[118.780284,5.535346],[118.800059,5.522121],[118.812999,5.502346],[118.819347,5.478095],[118.826834,5.483629],[118.831065,5.488593],[118.832774,5.495266],[118.832367,5.505439],[118.879568,5.469794],[118.89796,5.464504],[118.918793,5.454983],[118.93572,5.433987],[118.939464,5.412828],[118.921723,5.403022],[118.932628,5.39411],[118.948253,5.388577],[118.964529,5.388414],[118.97641,5.395575],[118.979259,5.409125],[118.973399,5.419582],[118.970876,5.42829],[118.983897,5.43651],[119.008311,5.435858],[119.055675,5.410956],[119.085704,5.409857],[119.163829,5.446967],[119.189301,5.450751],[119.204845,5.443345],[119.219574,5.427924],[119.243337,5.395575],[119.264985,5.374213],[119.274262,5.361151],[119.278087,5.344631],[119.27589,5.322943],[119.266449,5.289781],[119.264415,5.272691],[119.269298,5.226223],[119.2671,5.201077],[119.244151,5.181342],[119.195567,5.128648],[119.155935,5.106187],[118.973155,5.039944],[118.786632,4.986029],[118.750743,4.964057],[118.727306,4.953925],[118.702485,4.946601],[118.681488,4.944322],[118.665863,4.947984],[118.634451,4.96133],[118.605805,4.965766],[118.584972,4.971869],[118.572276,4.971625],[118.560232,4.967434],[118.530772,4.944322],[118.509044,4.931057],[118.49936,4.931464],[118.486339,4.940619],[118.480724,4.947984],[118.462657,4.978746],[118.428396,5.018785],[118.396983,5.034817],[118.376231,5.041083],[118.366873,5.035875],[118.357188,5.038804],[118.335785,5.025133],[118.304861,4.998928],[118.296723,5.004584],[118.291677,5.000922],[118.289724,4.990953],[118.29127,4.977851],[118.252696,4.987128],[118.21697,4.965806],[118.160818,4.902777],[118.143891,4.890286],[118.136485,4.88231],[118.133556,4.871731],[118.134939,4.859605],[118.139008,4.855373],[118.145763,4.853217],[118.171397,4.836575],[118.177989,4.830756],[118.183849,4.821845],[118.194998,4.792914],[118.219005,4.756293],[118.24643,4.723822],[118.277599,4.695136],[118.312266,4.669908],[118.325206,4.657864],[118.333507,4.651557],[118.342621,4.648871],[118.351817,4.648627],[118.372813,4.645819],[118.380544,4.642646],[118.385265,4.636664],[118.39324,4.618354],[118.397716,4.611314],[118.404063,4.605862],[118.411143,4.601508],[118.428396,4.594306],[118.430837,4.611274],[118.444591,4.614936],[118.462413,4.610012],[118.476736,4.601142],[118.487478,4.587592],[118.489513,4.5751],[118.484386,4.56273],[118.473318,4.549872],[118.469412,4.537177],[118.478201,4.526068],[118.490408,4.516506],[118.496593,4.508287],[118.504893,4.502387],[118.523285,4.511623],[118.551931,4.532782],[118.563162,4.527248],[118.587413,4.52383],[118.59962,4.519192],[118.594005,4.50552],[118.605642,4.486884],[118.645274,4.444037],[118.645763,4.436754],[118.637218,4.426011],[118.626231,4.419338],[118.617524,4.420722],[118.607595,4.425523],[118.592133,4.429145],[118.597423,4.412299],[118.592784,4.397366],[118.582774,4.384589],[118.572276,4.374579],[118.556895,4.363511],[118.542817,4.360012],[118.503429,4.361518],[118.486583,4.359524],[118.454356,4.350287],[118.435232,4.347235],[118.391938,4.346381],[118.368907,4.350572],[118.353282,4.361518],[118.34018,4.344062],[118.33253,4.339016],[118.242035,4.313666],[118.160818,4.30622],[118.137055,4.298651],[118.004568,4.231635],[117.982677,4.231147],[117.921072,4.249091],[117.90447,4.251654],[117.892263,4.256985],[117.853689,4.292629],[117.83961,4.300849],[117.831228,4.304674],[117.82252,4.30622],[117.818858,4.310533],[117.812022,4.329291],[117.808279,4.333564],[117.79477,4.334906],[117.76352,4.347235],[117.738455,4.351793],[117.729503,4.354682],[117.70753,4.36994],[117.696137,4.387763],[117.687022,4.40705],[117.671153,4.426011],[117.656016,4.424221],[117.634125,4.410102],[117.614594,4.393052],[117.605805,4.382025],[117.60963,4.373358],[117.628754,4.361762],[117.633311,4.350979],[117.633311,4.309638],[117.636974,4.299018],[117.65211,4.284857],[117.653656,4.272162],[117.649099,4.260728],[117.640473,4.25137],[117.61964,4.237372],[117.613048,4.230902],[117.608084,4.222235],[117.602061,4.215277],[117.598969,4.206936],[117.602712,4.201728],[117.620291,4.184719],[117.627126,4.1765],[117.617035,4.177436],[117.608409,4.176215],[117.567149,4.159654],[117.558333,4.167654],[117.54221,4.173829],[117.514615,4.171943],[117.498388,4.172615],[117.464179,4.177911],[117.43648,4.185611],[117.412915,4.200081],[117.356588,4.259509],[117.27556,4.300979],[117.238663,4.326869],[117.230601,4.337178],[117.224813,4.346583],[117.217165,4.35343],[117.202696,4.356066],[117.190397,4.353017],[117.174377,4.338418],[117.164662,4.333147],[116.98059,4.329556],[116.924263,4.344956],[116.883025,4.344904],[116.804477,4.330073],[116.766133,4.338574],[116.729443,4.364463],[116.711666,4.366789],[116.68004,4.339917],[116.661127,4.334388],[116.6418,4.333871],[116.615548,4.344077],[116.590227,4.331132],[116.576894,4.332011],[116.533279,4.395366],[116.522221,4.396787],[116.515399,4.384152],[116.494315,4.363223],[116.48646,4.348831],[116.486977,4.338574],[116.491938,4.331287],[116.494109,4.324853],[116.485944,4.316921],[116.468374,4.312322],[116.457108,4.316766],[116.446359,4.317257],[116.421762,4.291832],[116.411323,4.288654],[116.400884,4.289998],[116.391066,4.294674],[116.365434,4.337695],[116.361817,4.350382],[116.3582,4.355446],[116.351275,4.3579],[116.344247,4.356919],[116.337529,4.357229],[116.310657,4.383377],[116.285129,4.37839],[116.257224,4.364153],[116.228802,4.356118],[116.215056,4.357849],[116.170097,4.369915],[116.146843,4.371207],[116.136508,4.373042],[116.125759,4.378907],[116.117491,4.357229],[116.109946,4.345111],[116.099404,4.336506],[116.081214,4.325474],[116.033155,4.277725],[116.020649,4.270852],[116.004009,4.276691],[115.993571,4.288912],[115.987369,4.304777],[115.983442,4.321391],[115.977241,4.328626],[115.964839,4.335473],[115.940964,4.344361],[115.898796,4.347126],[115.878849,4.352139],[115.869444,4.366685],[115.864896,4.382576],[115.856111,4.390767],[115.844122,4.389216],[115.830997,4.376116],[115.821178,4.344335],[115.821901,4.311237],[115.817457,4.281316],[115.779423,4.248941],[115.775393,4.236099],[115.770742,4.225609],[115.756893,4.222172],[115.747177,4.227624],[115.740253,4.236202],[115.732605,4.239381],[115.689817,4.199977],[115.682789,4.19065],[115.675967,4.184164],[115.655917,4.178635],[115.646925,4.169101],[115.639134,4.14595],[115.633283,4.12856],[115.62212,4.04022],[115.609511,3.996915],[115.590288,3.958002],[115.580986,3.946918],[115.545846,3.92772],[115.538818,3.920615],[115.538301,3.897825],[115.554114,3.883563],[115.574578,3.87209],[115.588634,3.857595],[115.589358,3.824522],[115.550497,3.708224],[115.544606,3.668976],[115.544399,3.629159],[115.548533,3.605285],[115.573338,3.545004],[115.574475,3.534566],[115.572408,3.514257],[115.572718,3.504154],[115.576128,3.491674],[115.592665,3.46196],[115.600623,3.441212],[115.601243,3.430231],[115.595455,3.420852],[115.585017,3.416821],[115.576025,3.419405],[115.567137,3.423849],[115.557215,3.425451],[115.535821,3.403618],[115.517631,3.357161],[115.482801,3.206472],[115.483524,3.189005],[115.499337,3.169782],[115.514427,3.164769],[115.517011,3.157276],[115.482181,3.110974],[115.475979,3.093042],[115.472155,3.050513],[115.464094,3.030824],[115.447971,3.024054],[115.406836,3.019507],[115.341517,2.991136],[115.309995,2.985917],[115.281366,2.99956],[115.255838,3.03749],[115.242092,3.041624],[115.225039,3.015889],[115.207985,2.980698],[115.19641,2.967624],[115.139049,2.928453],[115.122823,2.91295],[115.109594,2.892021],[115.105253,2.88029],[115.102772,2.869955],[115.099052,2.859672],[115.091197,2.848148],[115.077554,2.83652],[115.069079,2.832645],[115.066909,2.828201],[115.07187,2.814765],[115.098121,2.781072],[115.104633,2.761486],[115.093574,2.737043],[115.082722,2.72955],[115.07218,2.727432],[115.063188,2.723659],[115.056987,2.711257],[115.057917,2.70149],[115.068769,2.681543],[115.07187,2.671828],[115.067426,2.651209],[115.058641,2.628833],[115.05647,2.608627],[115.071456,2.594623],[115.082515,2.594365],[115.104116,2.604752],[115.114968,2.607904],[115.126853,2.606767],[115.139773,2.60284],[115.151968,2.597052],[115.16189,2.590386],[115.17698,2.574159],[115.192379,2.55106],[115.203748,2.527547],[115.206125,2.509874],[115.192689,2.490547],[115.171812,2.483312],[115.126543,2.47923],[115.105046,2.46569],[115.067426,2.423109],[115.052026,2.414014],[115.034766,2.406418],[114.992081,2.369882],[114.972961,2.35748],[114.934514,2.360684],[114.922215,2.353914],[114.91529,2.332055],[114.916737,2.31123],[114.919631,2.295675],[114.913326,2.284048],[114.886455,2.275159],[114.809043,2.264669],[114.778761,2.247202],[114.763465,2.208083],[114.752096,2.153513],[114.753026,2.134806],[114.756747,2.126047],[114.768012,2.110208],[114.770286,2.100054],[114.769253,2.066645],[114.770286,2.058222],[114.780621,2.036053],[114.792197,2.034812],[114.808217,2.04197],[114.831368,2.04476],[114.841083,2.038223],[114.84532,2.024968],[114.845114,2.009749],[114.84253,1.997166],[114.833848,1.976676],[114.829404,1.959778],[114.829404,1.942647],[114.833641,1.921357],[114.831988,1.902521],[114.819069,1.890299],[114.763051,1.868698],[114.708998,1.86198],[114.699179,1.858053],[114.688637,1.850224],[114.679542,1.840741],[114.674168,1.831905],[114.671377,1.820975],[114.672618,1.814076],[114.675822,1.806738],[114.678922,1.794362],[114.680059,1.763279],[114.669,1.694006],[114.650293,1.641451],[114.624455,1.598792],[114.609676,1.581636],[114.574536,1.553421],[114.563167,1.536393],[114.563167,1.51226],[114.567714,1.490918],[114.568025,1.469395],[114.561617,1.450016],[114.545597,1.434952],[114.522239,1.429423],[114.500638,1.436037],[114.421367,1.492184],[114.398216,1.503553],[114.374858,1.506938],[114.355738,1.501951],[114.207406,1.439443],[114.204843,1.438363],[114.183242,1.423454],[114.173423,1.420509],[114.160401,1.424798],[114.150272,1.43428],[114.141074,1.445262],[114.130945,1.454176],[114.094255,1.465674],[114.053947,1.465054],[113.909667,1.442471],[113.891167,1.434952],[113.868222,1.415496],[113.808174,1.339713],[113.649528,1.233259],[113.624826,1.227575],[113.596508,1.241631],[113.546175,1.301575],[113.524471,1.313564],[113.503387,1.314495],[113.482303,1.308707],[113.442925,1.292377],[113.397553,1.293927],[113.323656,1.351392],[113.27601,1.368884],[113.217719,1.380899],[113.172761,1.383741],[113.158602,1.388159],[113.125735,1.413636],[113.089045,1.431335],[113.050598,1.434797],[113.011427,1.427976],[112.973186,1.415083],[112.9582,1.415651],[112.955306,1.423558],[112.961198,1.434384],[112.991687,1.456966],[113.007293,1.47327],[113.018455,1.492391],[113.024346,1.514379],[113.023416,1.537013],[113.014114,1.550785],[112.997164,1.560164],[112.973186,1.569854],[112.95603,1.572334],[112.907661,1.570525],[112.888127,1.574866],[112.871384,1.580654],[112.854951,1.582721],[112.836451,1.576055],[112.826632,1.567192],[112.820534,1.557632],[112.813506,1.549338],[112.801517,1.543783],[112.794799,1.544377],[112.768858,1.552232],[112.470478,1.567657],[112.44588,1.562076],[112.429757,1.550682],[112.415908,1.536652],[112.398545,1.523345],[112.380975,1.517712],[112.319066,1.511743],[112.295192,1.503811],[112.180057,1.449034],[112.161556,1.434539],[112.154115,1.409527],[112.159076,1.400794],[112.181814,1.400019],[112.188015,1.391415],[112.187395,1.379659],[112.183984,1.369039],[112.152668,1.306278],[112.100061,1.154918],[112.09293,1.143135],[112.079494,1.137244],[112.054069,1.133627],[111.973351,1.13404],[111.910099,1.114042],[111.823076,1.008467],[111.762821,0.993015],[111.734192,1.001439],[111.682102,1.023453],[111.655231,1.030791],[111.637351,1.032238],[111.622675,1.030274],[111.538855,0.997718],[111.515394,0.96449],[111.503199,0.958444],[111.492037,0.980871],[111.488006,0.997925],[111.482425,1.012859],[111.472089,1.022213],[111.454519,1.022626],[111.415039,1.010224],[111.395505,1.006296],[111.374111,1.007537],[111.351787,1.013893],[111.217531,1.073269],[111.197584,1.075233],[110.973412,1.017717],[110.910573,1.015701],[110.880394,1.010534],[110.852696,0.997201],[110.796989,0.949659],[110.787067,0.934156],[110.78624,0.916276],[110.783966,0.908163],[110.776731,0.903253],[110.771254,0.90439],[110.761125,0.912865],[110.758335,0.914519],[110.745726,0.908008],[110.744795,0.905062],[110.724848,0.897259],[110.720714,0.897362],[110.709449,0.901393],[110.704178,0.901393],[110.693016,0.894675],[110.674412,0.877002],[110.661286,0.872144],[110.647747,0.873901],[110.638859,0.880774],[110.632141,0.888629],[110.624803,0.893125],[110.613434,0.893952],[110.60961,0.890851],[110.605992,0.883306],[110.596071,0.871111],[110.553903,0.85137],[110.50636,0.857313],[110.460265,0.879741],[110.422644,0.909455],[110.380683,0.966609],[110.364147,0.981388],[110.351641,0.986504],[110.300791,0.997718],[110.286322,0.995341],[110.272783,0.991052],[110.263481,0.994307],[110.261724,1.01472],[110.256556,1.039059],[110.20674,1.111716],[110.18514,1.154194],[110.17036,1.174451],[110.15217,1.183857],[110.093466,1.191608],[110.074552,1.198636],[110.051814,1.215482],[110.03073,1.253568],[110.012127,1.270518],[109.976263,1.287726],[109.963758,1.298578],[109.951769,1.319662],[109.932545,1.378522],[109.920246,1.394774],[109.902056,1.403791],[109.882729,1.403843],[109.862885,1.401466],[109.842835,1.403275],[109.825472,1.417563],[109.807798,1.459964],[109.800564,1.466759],[109.781547,1.456295],[109.775552,1.457948],[109.773175,1.485854],[109.766354,1.496473],[109.677264,1.572851],[109.65804,1.59719],[109.646981,1.617628],[109.64171,1.637162],[109.640573,1.683025],[109.647188,1.761883],[109.641814,1.781004],[109.624037,1.787773],[109.580112,1.78798],[109.566986,1.792553],[109.555617,1.802165],[109.546626,1.814335],[109.539804,1.826556],[109.53474,1.838984],[109.534327,1.846452],[109.53474,1.853893],[109.528436,1.889989],[109.529366,1.905156],[109.537944,1.917714],[109.574428,1.94859],[109.585073,1.960915],[109.600266,1.983136],[109.626621,2.029696],[109.645274,2.083238],[109.645437,2.082587],[109.649913,2.065579],[109.652192,2.043443],[109.66212,2.002753],[109.663585,1.983059],[109.660004,1.967027],[109.655284,1.953111],[109.654633,1.936998],[109.663585,1.91474],[109.693044,1.873114],[109.711436,1.854478],[109.731781,1.839586],[109.793468,1.813463],[109.828949,1.790107],[109.86964,1.772895],[109.886729,1.760199],[109.898774,1.743109],[109.915538,1.708401],[109.927745,1.692288],[109.941742,1.689195],[109.991222,1.690172],[110.003184,1.692288],[110.018403,1.700181],[110.04005,1.702786],[110.167654,1.70185],[110.180919,1.698717],[110.20045,1.685207],[110.211681,1.682034],[110.216319,1.68476],[110.2317,1.697699],[110.239024,1.70185],[110.248383,1.705227],[110.254161,1.706204],[110.26002,1.702623],[110.283946,1.676093],[110.290782,1.673977],[110.295665,1.691555],[110.305349,1.703315],[110.307872,1.709296],[110.30714,1.715522],[110.302257,1.725653],[110.301036,1.729722],[110.299571,1.76142],[110.301036,1.770738],[110.313324,1.792629],[110.329356,1.802558],[110.343028,1.797512],[110.350759,1.7685],[110.359874,1.756293],[110.363048,1.75023],[110.36378,1.743598],[110.362153,1.729438],[110.363048,1.722968],[110.366466,1.715888],[110.370942,1.710191],[110.376313,1.705715],[110.382986,1.70185],[110.390147,1.699042],[110.398936,1.697089],[110.421153,1.695705],[110.431326,1.699897],[110.443614,1.718695],[110.473643,1.728949],[110.491873,1.738959],[110.507986,1.740912],[110.520763,1.722968],[110.508474,1.707587],[110.499685,1.69359],[110.49464,1.678127],[110.492849,1.658108],[110.489106,1.650295],[110.471365,1.631985],[110.465587,1.620551],[110.492442,1.631659],[110.506358,1.633002],[110.520763,1.627346],[110.530284,1.616156],[110.53297,1.605373],[110.536306,1.596869],[110.547537,1.592597],[110.556651,1.594672],[110.577403,1.605211],[110.589041,1.606269],[110.60255,1.601508],[110.643565,1.579006],[110.701182,1.561713],[110.726736,1.547431],[110.739268,1.523668],[110.733409,1.498684],[110.715587,1.480618],[110.677908,1.456041],[110.677908,1.448635],[110.704356,1.449368],[110.725108,1.453111],[110.7435,1.462388],[110.763438,1.479682],[110.773448,1.498603],[110.772227,1.518012],[110.767263,1.5362],[110.766612,1.551663],[110.793305,1.572414],[110.83961,1.565985],[110.924815,1.531195],[110.967947,1.503241],[111.043956,1.426947],[111.082367,1.401435],[111.141938,1.371527],[111.154552,1.367336],[111.178559,1.370795],[111.211762,1.388088],[111.232677,1.394599],[111.265147,1.381781],[111.30128,1.351996],[111.340587,1.333319],[111.383556,1.353664],[111.366954,1.354397],[111.339122,1.364691],[111.325531,1.367336],[111.321056,1.373603],[111.311778,1.401353],[111.304698,1.40762],[111.288829,1.410061],[111.260997,1.419908],[111.246349,1.421332],[111.23463,1.417955],[111.198497,1.401435],[111.176768,1.40058],[111.15797,1.406155],[111.141612,1.416938],[111.127208,1.43183],[111.109223,1.445014],[111.064952,1.462714],[111.04835,1.476549],[111.030284,1.524319],[111.011078,1.542955],[111.006847,1.55508],[111.005626,1.584459],[111.006847,1.592597],[111.020356,1.627346],[111.028575,1.664008],[111.037852,1.676947],[111.09547,1.687974],[111.117524,1.68887],[111.137055,1.682034],[111.150238,1.66413],[111.163341,1.640855],[111.179454,1.627021],[111.202322,1.637274],[111.215099,1.639838],[111.229015,1.630032],[111.245779,1.621324],[111.267426,1.627346],[111.247325,1.633368],[111.237804,1.637763],[111.219981,1.651435],[111.211192,1.652493],[111.202403,1.651923],[111.182628,1.657294],[111.176117,1.656806],[111.172862,1.659369],[111.171886,1.671454],[111.160411,1.687812],[111.158214,1.692288],[111.154552,1.69599],[111.136485,1.699612],[111.130219,1.70185],[111.12615,1.70661],[111.103038,1.74608],[111.097992,1.759589],[111.096039,1.774482],[111.100841,1.78026],[111.12322,1.785793],[111.130219,1.791897],[111.128591,1.797593],[111.113536,1.807196],[111.109874,1.815416],[111.113129,1.835517],[111.121593,1.853909],[111.143891,1.888088],[111.175304,1.953192],[111.203949,2.04564],[111.205903,2.068996],[111.211274,2.07392],[111.223399,2.072089],[111.243337,2.065579],[111.267833,2.067532],[111.241873,2.089423],[111.240082,2.113349],[111.253917,2.126125],[111.271739,2.124701],[111.291515,2.117621],[111.327973,2.110419],[111.336436,2.112128],[111.349946,2.120795],[111.356456,2.128079],[111.375011,2.153998],[111.37794,2.161811],[111.368663,2.169989],[111.356781,2.166205],[111.346853,2.155748],[111.338634,2.130805],[111.329112,2.12873],[111.318614,2.132799],[111.29127,2.150377],[111.270518,2.153795],[111.198904,2.143256],[111.184744,2.145087],[111.179454,2.155911],[111.178722,2.17886],[111.184825,2.19477],[111.200043,2.210883],[111.219981,2.220404],[111.240082,2.216376],[111.229503,2.235256],[111.210704,2.242174],[111.192882,2.245592],[111.184825,2.253648],[111.186534,2.271715],[111.198497,2.318793],[111.208507,2.388861],[111.220958,2.416083],[111.246349,2.436103],[111.254731,2.419257],[111.267833,2.4112],[111.301524,2.400702],[111.312999,2.390815],[111.338064,2.360093],[111.346365,2.353583],[111.352061,2.350572],[111.358409,2.344794],[111.365489,2.340766],[111.373871,2.343004],[111.405284,2.364325],[111.414561,2.367255],[111.448253,2.372382],[111.455577,2.370673],[111.473643,2.357327],[111.493419,2.346137],[111.485118,2.364163],[111.465099,2.384833],[111.432465,2.414984],[111.424164,2.427232],[111.412283,2.469224],[111.404552,2.483954],[111.435557,2.482123],[111.46339,2.474921],[111.487315,2.473944],[111.507091,2.490709],[111.512543,2.488267],[111.514008,2.486965],[111.515636,2.487494],[111.521251,2.490709],[111.499522,2.498847],[111.461681,2.508002],[111.445567,2.518012],[111.432953,2.528754],[111.422862,2.539618],[111.417247,2.555121],[111.417654,2.579535],[111.435313,2.640937],[111.440278,2.680121],[111.447032,2.694648],[111.457856,2.705634],[111.529796,2.760688],[111.638927,2.828192],[111.669607,2.843085],[111.860606,2.880601],[112.01352,2.885932],[112.297862,2.961005],[112.574718,3.033922],[112.727306,3.066107],[112.788829,3.090277],[112.800548,3.090033],[112.974376,3.144232],[113.007823,3.161689],[113.061209,3.218655],[113.082286,3.256781],[113.069347,3.278998],[113.076915,3.287787],[113.103363,3.30565],[113.151378,3.347724],[113.16212,3.353461],[113.166189,3.362942],[113.199555,3.415513],[113.277599,3.484198],[113.295909,3.511786],[113.299083,3.519599],[113.301117,3.527737],[113.302745,3.549262],[113.308116,3.559312],[113.331554,3.577541],[113.336762,3.583808],[113.343598,3.594468],[113.391449,3.648342],[113.414887,3.688707],[113.423025,3.711249],[113.426117,3.734605],[113.434255,3.75316],[113.453136,3.768744],[113.494477,3.792304],[113.736827,4.001288],[113.946788,4.27383],[113.967784,4.32217],[113.960623,4.361518],[113.981944,4.394721],[113.992198,4.437079],[113.991873,4.484442],[113.969412,4.578518],[113.975841,4.594713],[113.99879,4.601142],[114.064179,4.570032],[114.118956,4.561635],[114.14004,4.550654],[114.1727,4.525229],[114.197298,4.515824],[114.20908,4.50815],[114.216728,4.48766],[114.222929,4.484637],[114.238329,4.484224],[114.245564,4.481433],[114.247837,4.474767],[114.248768,4.466886],[114.252075,4.460349],[114.262617,4.448722],[114.268508,4.437741],[114.276259,4.409732],[114.276259,4.381853],[114.289902,4.361311],[114.296723,4.316663],[114.293416,4.307051],[114.279463,4.294881],[114.276259,4.289016],[114.278016,4.274055],[114.282667,4.264909],[114.316774,4.262506],[114.360492,4.253876],[114.40142,4.261214],[114.41992,4.260129],[114.432529,4.246925],[114.453303,4.183699],[114.463121,4.16414],[114.477384,4.144968],[114.540223,4.086935],[114.56141,4.072026],[114.569368,4.064404],[114.574226,4.054146],[114.581667,4.029342],[114.586628,4.021435],[114.627762,4.016681],[114.674891,4.04407],[114.766875,4.131816],[114.774524,4.146466],[114.780105,4.187756],[114.787133,4.207212],[114.809974,4.241293],[114.817208,4.259664],[114.813798,4.277104],[114.782585,4.264418],[114.781965,4.284933],[114.787856,4.294158],[114.794163,4.30024],[114.818242,4.323458],[114.828991,4.340486],[114.836432,4.357229],[114.84563,4.395108],[114.847904,4.423736],[114.840463,4.42862],[114.825683,4.426191],[114.806046,4.433322],[114.788166,4.461202],[114.782172,4.497789],[114.777314,4.614655],[114.773903,4.636824],[114.768116,4.657495],[114.748789,4.694392],[114.741347,4.712943],[114.741967,4.729454],[114.743192,4.730585],[114.751786,4.738523],[114.788476,4.753897],[114.805426,4.764568],[114.837672,4.795316],[114.855759,4.806659],[114.878186,4.812808],[114.89648,4.811826],[114.914877,4.808726],[114.932447,4.809139],[114.948363,4.818932],[114.954874,4.834202],[114.955701,4.850919],[114.958905,4.866293],[114.9817,4.889065],[114.992442,4.894232],[115.001964,4.900051],[115.009939,4.907172],[115.015798,4.916409],[115.022634,4.895901],[115.023611,4.857082],[115.029552,4.820868],[115.029778,4.820642],[115.022777,4.741365],[115.026808,4.660027],[115.03549,4.621244],[115.068149,4.543367],[115.079828,4.503964],[115.091817,4.405417],[115.099775,4.391232],[115.113004,4.382369],[115.169952,4.361259],[115.190829,4.356764],[115.220698,4.359761],[115.229069,4.356764],[115.244676,4.343664],[115.255114,4.339245],[115.274338,4.34002],[115.283123,4.336765],[115.30121,4.324698],[115.324361,4.314596],[115.346272,4.313769],[115.360741,4.329556],[115.358261,4.350278],[115.343791,4.371672],[115.308651,4.404694],[115.285603,4.435363],[115.272478,4.474663],[115.266897,4.516857],[115.267413,4.556209],[115.275475,4.595741],[115.277025,4.613053],[115.272684,4.636772],[115.207365,4.825598],[115.182251,4.861229],[115.169332,4.869988],[115.155999,4.876293],[115.146801,4.88562],[115.146169,4.908515]]],[[[118.219493,5.855536],[118.233084,5.851142],[118.236095,5.841498],[118.230805,5.831936],[118.219493,5.827582],[118.213145,5.826606],[118.195486,5.820258],[118.18922,5.819729],[118.181895,5.820258],[118.172537,5.822821],[118.165538,5.827541],[118.163829,5.834418],[118.169932,5.843695],[118.181,5.851264],[118.193126,5.854682],[118.219493,5.855536]]],[[[111.411388,2.391099],[111.412446,2.387356],[111.413341,2.378241],[111.410492,2.372219],[111.40089,2.377834],[111.390961,2.382148],[111.381847,2.377875],[111.37436,2.369086],[111.369884,2.359809],[111.359141,2.373114],[111.342621,2.413886],[111.332042,2.422431],[111.312673,2.431342],[111.308116,2.452135],[111.315684,2.496243],[111.317638,2.53677],[111.299001,2.702704],[111.300955,2.752631],[111.31544,2.784491],[111.349946,2.771308],[111.370291,2.739732],[111.381033,2.697903],[111.381847,2.523342],[111.390391,2.449164],[111.411388,2.391099]]],[[[104.222667,2.78559],[104.225108,2.735907],[104.222667,2.724107],[104.210785,2.715074],[104.192068,2.709052],[104.17213,2.70775],[104.157481,2.713284],[104.138438,2.733629],[104.130626,2.745795],[104.130138,2.754543],[104.130707,2.760077],[104.125824,2.777045],[104.126964,2.78559],[104.131602,2.791083],[104.144216,2.797593],[104.150645,2.802395],[104.16033,2.817857],[104.16033,2.832668],[104.156261,2.847724],[104.153819,2.864081],[104.156016,2.874579],[104.161876,2.884833],[104.170665,2.891099],[104.181407,2.889797],[104.186209,2.885321],[104.187755,2.879706],[104.188975,2.86758],[104.191661,2.860297],[104.204356,2.840888],[104.210623,2.827867],[104.222667,2.78559]]],[[[118.726248,4.491889],[118.74879,4.4855],[118.76002,4.471381],[118.756114,4.457221],[118.733084,4.450873],[118.695811,4.450873],[118.681651,4.437079],[118.674815,4.436591],[118.6692,4.439846],[118.6692,4.443061],[118.667979,4.463935],[118.663259,4.469224],[118.651215,4.479071],[118.647472,4.484442],[118.644054,4.495307],[118.647634,4.498033],[118.658051,4.498196],[118.660655,4.498196],[118.675141,4.498358],[118.726248,4.491889]]],[[[118.510265,4.648871],[118.523774,4.665717],[118.54949,4.665188],[118.57781,4.655097],[118.59962,4.642646],[118.59962,4.635199],[118.584809,4.634019],[118.575369,4.627387],[118.571056,4.616034],[118.572276,4.601142],[118.552989,4.618801],[118.548106,4.621568],[118.542979,4.616929],[118.539561,4.607856],[118.535167,4.601304],[118.527354,4.60456],[118.511974,4.61636],[118.495616,4.623928],[118.479991,4.627875],[118.466563,4.629055],[118.462657,4.630805],[118.453624,4.639472],[118.448904,4.642646],[118.414724,4.648871],[118.346446,4.669908],[118.346446,4.676215],[118.425304,4.676215],[118.43629,4.679267],[118.443207,4.686103],[118.448985,4.693183],[118.456309,4.697252],[118.476085,4.693793],[118.485118,4.679429],[118.493175,4.661851],[118.510265,4.648871]]],[[[115.248546,5.365465],[115.259776,5.315375],[115.259288,5.291205],[115.24171,5.272691],[115.231944,5.273139],[115.21225,5.28498],[115.204112,5.283596],[115.184255,5.267035],[115.15919,5.252183],[115.160899,5.266995],[115.189138,5.344794],[115.197276,5.354641],[115.226085,5.381049],[115.24171,5.387397],[115.248546,5.365465]]],[[[100.309825,5.450751],[100.318533,5.435289],[100.333995,5.426947],[100.343435,5.417629],[100.325206,5.383287],[100.320811,5.34455],[100.316661,5.326646],[100.292247,5.280463],[100.288748,5.262681],[100.234711,5.272691],[100.194998,5.272284],[100.193614,5.270087],[100.192719,5.267646],[100.189708,5.266506],[100.184337,5.268541],[100.180024,5.273342],[100.178966,5.277981],[100.192719,5.285956],[100.196137,5.299994],[100.191173,5.352525],[100.193126,5.399319],[100.190929,5.408433],[100.18629,5.416205],[100.181651,5.422349],[100.179454,5.426907],[100.181651,5.436591],[100.185232,5.444281],[100.185883,5.451117],[100.179454,5.458197],[100.192068,5.462958],[100.197113,5.457261],[100.201182,5.448472],[100.210623,5.443996],[100.218598,5.446723],[100.224457,5.452948],[100.22934,5.459906],[100.234711,5.464504],[100.253754,5.469062],[100.274099,5.468492],[100.293305,5.462592],[100.309825,5.450751]]],[[[99.786292,6.241822],[99.800442,6.272811],[99.823922,6.282136],[99.836978,6.294227],[99.839782,6.277297],[99.832318,6.268915],[99.824859,6.25772],[99.824962,6.245592],[99.823253,6.239081],[99.823812,6.222867],[99.830233,6.205753],[99.826428,6.190675],[99.816953,6.176528],[99.805596,6.171793],[99.789523,6.185876],[99.784059,6.201119],[99.77471,6.204017],[99.767234,6.223804],[99.786292,6.241822]]],[[[99.900617,6.364304],[99.910865,6.348726],[99.914477,6.339711],[99.91627,6.331529],[99.906103,6.326067],[99.891694,6.321945],[99.883162,6.312731],[99.870508,6.304924],[99.865692,6.290527],[99.849418,6.300712],[99.844586,6.324686],[99.825333,6.324099],[99.807307,6.317532],[99.79177,6.298457],[99.778032,6.282973],[99.761664,6.282843],[99.748949,6.270183],[99.736673,6.264571],[99.728735,6.261476],[99.715458,6.310058],[99.722132,6.327483],[99.719044,6.353231],[99.702807,6.358625],[99.676838,6.363974],[99.658702,6.362616],[99.650076,6.376695],[99.646007,6.394192],[99.645228,6.435841],[99.669444,6.426886],[99.688751,6.435305],[99.721371,6.434152],[99.736478,6.423984],[99.770927,6.419842],[99.785996,6.422854],[99.802249,6.43605],[99.814292,6.454037],[99.823951,6.454646],[99.839203,6.45482],[99.834483,6.463284],[99.832774,6.470852],[99.842029,6.469639],[99.851085,6.465644],[99.858897,6.443793],[99.866466,6.429674],[99.878266,6.419745],[99.898936,6.410346],[99.897594,6.402047],[99.904796,6.397773],[99.913341,6.390204],[99.90903,6.378068],[99.900617,6.364304]]],[[[117.468761,6.766669],[117.493907,6.735419],[117.510753,6.704291],[117.506602,6.673489],[117.468761,6.643134],[117.443044,6.635728],[117.412364,6.634914],[117.381684,6.63935],[117.356212,6.647895],[117.346934,6.654975],[117.343435,6.66352],[117.345958,6.672309],[117.354991,6.679633],[117.365571,6.683051],[117.41627,6.685289],[117.43214,6.689358],[117.443858,6.698554],[117.448253,6.715155],[117.439301,6.723944],[117.403575,6.725816],[117.399913,6.739325],[117.411632,6.75137],[117.452485,6.756741],[117.468761,6.766669]]],[[[117.002615,7.355699],[117.016856,7.342597],[117.022716,7.318834],[117.020356,7.294582],[117.01002,7.279975],[116.991547,7.297187],[116.976736,7.290229],[116.971446,7.271389],[116.982188,7.253323],[116.886485,7.229397],[116.891124,7.219916],[116.89975,7.214586],[116.905121,7.20893],[116.900157,7.198065],[116.890961,7.193671],[116.876801,7.192532],[116.862315,7.194159],[116.851817,7.198065],[116.900157,7.287421],[116.914399,7.293931],[116.948009,7.301907],[116.961681,7.307929],[117.002615,7.355699]]],[[[117.171153,7.342678],[117.246267,7.35578],[117.27003,7.348863],[117.281912,7.332343],[117.283214,7.308783],[117.273448,7.23192],[117.26238,7.201972],[117.247081,7.183173],[117.229747,7.19184],[117.210948,7.184394],[117.152843,7.173082],[117.140391,7.167629],[117.134776,7.161933],[117.108084,7.149563],[117.098888,7.143459],[117.092052,7.131985],[117.087901,7.120754],[117.082367,7.110663],[117.071544,7.102484],[117.064138,7.126654],[117.056407,7.202867],[117.06129,7.219143],[117.065196,7.226386],[117.064138,7.270738],[117.067719,7.280015],[117.073253,7.28498],[117.089041,7.290351],[117.098888,7.295844],[117.122895,7.320014],[117.145274,7.335517],[117.157725,7.340725],[117.171153,7.342678]]],[[[101.271169,3.046454],[101.267345,3.035305],[101.259613,3.030219],[101.243826,3.02619],[101.23699,3.035061],[101.244395,3.049018],[101.262869,3.056342],[101.271169,3.046454]]],[[[101.337657,3.051825],[101.336436,3.044745],[101.337901,3.031928],[101.335297,3.009019],[101.321462,2.996161],[101.302257,2.988674],[101.287283,2.978217],[101.281423,2.97248],[101.275645,2.967719],[101.268077,2.965155],[101.266368,2.971503],[101.268077,2.982123],[101.292328,3.042914],[101.305919,3.063951],[101.323497,3.071112],[101.336192,3.065009],[101.337657,3.051825]]]]}},{"type":"Feature","properties":{"name":"Thailand","ISO3166-1-Alpha-3":"THA","ISO3166-1-Alpha-2":"TH"},"geometry":{"type":"MultiPolygon","coordinates":[[[[102.913585,11.645901],[102.906016,11.666205],[102.908702,11.717963],[102.906749,11.741441],[102.893321,11.76968],[102.82545,11.85814],[102.783458,11.892279],[102.777029,11.902533],[102.777029,11.967434],[102.766938,12.011786],[102.749685,12.040269],[102.631847,12.152045],[102.630138,12.161363],[102.653575,12.159166],[102.641368,12.175482],[102.604503,12.203925],[102.605724,12.214423],[102.605724,12.221259],[102.589366,12.212226],[102.573904,12.208726],[102.56186,12.202094],[102.557302,12.183743],[102.571625,12.090969],[102.583995,12.067328],[102.585948,12.060248],[102.582367,12.049262],[102.573985,12.049262],[102.563487,12.05386],[102.553884,12.056789],[102.550141,12.061184],[102.551036,12.08275],[102.550466,12.090969],[102.532237,12.113593],[102.504242,12.133368],[102.473643,12.148993],[102.366222,12.186021],[102.350352,12.195705],[102.336192,12.197577],[102.324474,12.180325],[102.31837,12.180325],[102.295909,12.190009],[102.290375,12.193996],[102.286469,12.202541],[102.28712,12.210191],[102.289399,12.21662],[102.290375,12.221259],[102.283458,12.24136],[102.265391,12.27147],[102.263194,12.289537],[102.29005,12.282904],[102.315196,12.291246],[102.336274,12.30744],[102.351899,12.323676],[102.359874,12.347073],[102.352061,12.367255],[102.33725,12.376125],[102.324474,12.365302],[102.33253,12.361884],[102.33839,12.357164],[102.342459,12.351304],[102.345063,12.344794],[102.33074,12.327826],[102.310232,12.31623],[102.291677,12.318061],[102.283539,12.341376],[102.286143,12.385688],[102.292247,12.406887],[102.304047,12.427395],[102.297862,12.427395],[102.291515,12.419582],[102.276703,12.392564],[102.27003,12.392564],[102.26588,12.404771],[102.26352,12.417304],[102.264415,12.429429],[102.27003,12.440375],[102.258474,12.431871],[102.242442,12.426256],[102.228282,12.42772],[102.222179,12.440375],[102.20574,12.435777],[102.20102,12.433539],[102.210623,12.42768],[102.214366,12.419623],[102.21339,12.40998],[102.208507,12.3994],[102.21461,12.3994],[102.23585,12.413723],[102.242524,12.402777],[102.247081,12.393012],[102.247813,12.383205],[102.242686,12.372138],[102.263031,12.357001],[102.273448,12.326158],[102.264822,12.30622],[102.228282,12.323676],[102.16684,12.385728],[102.136892,12.40176],[102.12436,12.410549],[102.125987,12.419908],[102.109874,12.440904],[102.087169,12.464748],[102.071951,12.488511],[102.078136,12.509263],[102.081798,12.501125],[102.085948,12.498358],[102.091482,12.497626],[102.098643,12.495592],[102.08546,12.50434],[102.092133,12.512681],[102.105642,12.522895],[102.112315,12.537258],[102.104747,12.537258],[102.099457,12.527411],[102.092947,12.523383],[102.08546,12.524359],[102.078136,12.529731],[102.088227,12.538723],[102.093272,12.541449],[102.098643,12.543402],[102.047862,12.542304],[102.043305,12.550523],[102.064464,12.570746],[102.022227,12.568549],[102.009288,12.564521],[102.009288,12.557074],[102.022472,12.547756],[102.031505,12.534125],[102.043224,12.523505],[102.064464,12.522935],[102.059581,12.510484],[102.057465,12.497219],[102.056977,12.468329],[102.022472,12.519517],[102.008962,12.534084],[101.992198,12.539781],[101.973481,12.541449],[101.960785,12.537258],[101.960785,12.580634],[101.958832,12.591254],[101.954356,12.601304],[101.94988,12.60635],[101.947765,12.601752],[101.945974,12.595689],[101.937022,12.589179],[101.934255,12.583726],[101.947276,12.540717],[101.947765,12.529731],[101.914073,12.555121],[101.899587,12.569729],[101.892589,12.583726],[101.913097,12.577582],[101.909434,12.594224],[101.902599,12.597886],[101.894298,12.596503],[101.885753,12.598049],[101.877615,12.605536],[101.873546,12.613023],[101.870453,12.621568],[101.865245,12.632148],[101.848806,12.654527],[101.830251,12.672797],[101.80836,12.687934],[101.782725,12.701117],[101.766124,12.705878],[101.704438,12.707913],[101.686371,12.702135],[101.675955,12.688625],[101.668468,12.672797],[101.659841,12.660102],[101.642345,12.651353],[101.622081,12.649644],[101.581065,12.652655],[101.573497,12.649807],[101.572032,12.643297],[101.572602,12.63642],[101.571056,12.632148],[101.566417,12.631293],[101.555431,12.632392],[101.539073,12.631741],[101.509044,12.638983],[101.465099,12.63231],[101.442882,12.624823],[101.433279,12.615424],[101.428884,12.596869],[101.418142,12.595649],[101.392914,12.611721],[101.323497,12.642157],[101.248871,12.660102],[101.087738,12.680609],[101.066661,12.676256],[101.032074,12.656968],[100.988617,12.649359],[100.978038,12.639594],[100.977712,12.639228],[100.974457,12.622219],[100.974457,12.598049],[100.926117,12.619127],[100.926117,12.625393],[100.940766,12.636379],[100.934581,12.652899],[100.917654,12.662584],[100.899587,12.652655],[100.888682,12.658759],[100.879893,12.658149],[100.870616,12.654731],[100.857921,12.652655],[100.862641,12.655992],[100.866873,12.660305],[100.869884,12.666002],[100.87143,12.673774],[100.851085,12.673774],[100.854503,12.679674],[100.861339,12.695136],[100.864594,12.701117],[100.856293,12.701402],[100.837413,12.707913],[100.854828,12.752265],[100.867931,12.771145],[100.885916,12.762519],[100.8921,12.762519],[100.899181,12.773505],[100.907888,12.782538],[100.915701,12.793647],[100.919932,12.81094],[100.918468,12.826321],[100.913259,12.840399],[100.906098,12.853217],[100.868663,12.906236],[100.864594,12.919582],[100.868175,12.929023],[100.875499,12.93476],[100.884044,12.940009],[100.8921,12.948065],[100.894542,12.955512],[100.896739,12.973863],[100.899587,12.982245],[100.908214,12.977444],[100.918793,12.982408],[100.928396,12.992499],[100.933604,13.002753],[100.933116,13.026435],[100.923106,13.042792],[100.911388,13.057034],[100.905772,13.074408],[100.901541,13.080634],[100.8921,13.083482],[100.882823,13.087836],[100.878266,13.098334],[100.899587,13.125637],[100.915782,13.154853],[100.937022,13.183987],[100.94516,13.200914],[100.944509,13.220038],[100.933604,13.256008],[100.928966,13.265611],[100.915375,13.287055],[100.912446,13.29385],[100.914724,13.304389],[100.919281,13.310777],[100.924001,13.315619],[100.932384,13.338121],[100.947113,13.344428],[100.965343,13.348538],[100.981293,13.359036],[100.985362,13.373033],[100.987153,13.396145],[100.985118,13.417711],[100.970876,13.437201],[100.978363,13.458889],[100.995779,13.489325],[100.995779,13.496161],[100.983897,13.487982],[100.973888,13.478827],[100.96339,13.471381],[100.950694,13.468248],[100.888927,13.468248],[100.864024,13.471503],[100.813975,13.486029],[100.771332,13.491156],[100.749766,13.499905],[100.679861,13.509223],[100.649669,13.52025],[100.610199,13.547512],[100.592052,13.554511],[100.58961,13.561957],[100.591563,13.571519],[100.59669,13.582668],[100.598888,13.596503],[100.59783,13.61225],[100.586925,13.592027],[100.583181,13.575995],[100.584239,13.533677],[100.575857,13.519599],[100.555919,13.510891],[100.429942,13.489325],[100.381114,13.491523],[100.356456,13.489691],[100.337169,13.481879],[100.289887,13.505032],[100.275076,13.516669],[100.264985,13.497545],[100.253266,13.485785],[100.237153,13.477362],[100.150401,13.444037],[100.113048,13.436591],[100.088959,13.425971],[100.069347,13.417385],[100.053071,13.413031],[100.038829,13.402737],[100.031261,13.382025],[100.021658,13.366604],[100.001313,13.372016],[100.015636,13.365871],[100.013927,13.348375],[100.006196,13.332831],[99.993663,13.321723],[99.977387,13.317369],[99.962738,13.309882],[99.960704,13.292426],[99.960867,13.291571],[99.967133,13.259019],[99.998546,13.218085],[100.056488,13.170315],[100.059825,13.165676],[100.066742,13.160102],[100.073985,13.152777],[100.076996,13.142727],[100.07781,13.133775],[100.087738,13.096177],[100.10434,13.057318],[100.101899,13.039862],[100.093028,13.023993],[100.060069,12.980292],[100.052989,12.966132],[100.042979,12.933824],[100.029307,12.861802],[100.023936,12.847073],[99.987641,12.790473],[99.974294,12.751207],[99.965017,12.71015],[99.96046,12.667914],[99.960785,12.636176],[99.960948,12.625393],[99.978038,12.560777],[99.980805,12.540351],[99.977061,12.476874],[99.980805,12.454657],[100.010997,12.383246],[100.012218,12.36872],[100.003673,12.353949],[99.9817,12.279934],[99.982758,12.270453],[99.99171,12.259467],[100.00172,12.250312],[100.009288,12.241116],[100.013927,12.230699],[100.0171,12.21011],[100.019705,12.202216],[100.02003,12.192694],[100.015636,12.180325],[100.010427,12.174954],[99.994314,12.162584],[99.987641,12.153022],[99.981456,12.117174],[99.977387,12.108303],[99.955333,12.072496],[99.855317,11.968411],[99.831228,11.924709],[99.823253,11.878648],[99.836925,11.843451],[99.833751,11.837714],[99.819591,11.836371],[99.812511,11.832099],[99.809825,11.824612],[99.809581,11.813463],[99.817068,11.77558],[99.814952,11.76968],[99.811778,11.762274],[99.811046,11.753079],[99.817068,11.741441],[99.780447,11.73725],[99.751801,11.709866],[99.670584,11.577867],[99.665538,11.566799],[99.661306,11.551011],[99.641856,11.523261],[99.637543,11.505316],[99.636078,11.481838],[99.632009,11.460639],[99.625743,11.440497],[99.599946,11.384223],[99.597341,11.374945],[99.592947,11.364203],[99.573741,11.344062],[99.569347,11.33397],[99.566254,11.276313],[99.569347,11.25552],[99.586192,11.213853],[99.586192,11.195136],[99.569347,11.179145],[99.562022,11.19892],[99.546153,11.198432],[99.528575,11.186835],[99.51531,11.172919],[99.508149,11.162177],[99.501313,11.148749],[99.496349,11.13288],[99.494151,11.114569],[99.497569,11.093085],[99.512055,11.056952],[99.51531,11.039211],[99.512462,11.019232],[99.503429,10.997056],[99.498709,10.985297],[99.494151,10.967475],[99.496104,10.944241],[99.511567,10.902411],[99.51531,10.881537],[99.511567,10.86636],[99.503266,10.866848],[99.49586,10.873847],[99.494151,10.878119],[99.475352,10.878852],[99.461192,10.877427],[99.451671,10.875312],[99.443207,10.870347],[99.439708,10.861029],[99.439708,10.820054],[99.435069,10.801825],[99.375011,10.711982],[99.371349,10.70307],[99.373709,10.692572],[99.37672,10.685492],[99.37436,10.681383],[99.361095,10.680121],[99.343516,10.67536],[99.327159,10.663275],[99.313162,10.647366],[99.302419,10.631049],[99.296153,10.610907],[99.288259,10.562934],[99.278168,10.546047],[99.267263,10.541693],[99.254731,10.539944],[99.24464,10.535142],[99.240408,10.521877],[99.242686,10.514472],[99.249034,10.509996],[99.257986,10.508002],[99.268321,10.508205],[99.260997,10.494818],[99.25172,10.483954],[99.243826,10.472357],[99.240408,10.456977],[99.246755,10.443915],[99.27768,10.42357],[99.288748,10.412014],[99.290538,10.399237],[99.289317,10.380845],[99.285004,10.364488],[99.278168,10.357367],[99.263845,10.357327],[99.256358,10.356147],[99.234141,10.343695],[99.230724,10.356513],[99.223399,10.365383],[99.213064,10.372056],[99.200043,10.378485],[99.184744,10.371283],[99.171641,10.370266],[99.160655,10.367987],[99.151622,10.357367],[99.151378,10.34634],[99.158458,10.30272],[99.168956,10.287746],[99.206309,10.25434],[99.22462,10.232367],[99.236095,10.229315],[99.254649,10.234442],[99.24171,10.214504],[99.201345,10.210639],[99.192556,10.196275],[99.186778,10.172431],[99.159923,10.128323],[99.151622,10.103461],[99.153494,10.075832],[99.163097,10.057685],[99.174001,10.042914],[99.178884,10.025295],[99.175792,10.013495],[99.161632,10.003323],[99.158458,9.990546],[99.165294,9.946479],[99.165294,9.867621],[99.166759,9.864691],[99.169932,9.861802],[99.172374,9.857408],[99.17213,9.850246],[99.168305,9.844468],[99.155772,9.834784],[99.151622,9.829169],[99.148204,9.819241],[99.146169,9.809719],[99.144949,9.791246],[99.144786,9.788235],[99.14796,9.767401],[99.161957,9.727118],[99.167247,9.688137],[99.172862,9.665229],[99.181407,9.643256],[99.212087,9.597724],[99.217784,9.58218],[99.219981,9.559149],[99.223155,9.542629],[99.26531,9.46601],[99.323578,9.391547],[99.315684,9.389594],[99.31072,9.389838],[99.306,9.390855],[99.299001,9.391547],[99.290782,9.390082],[99.29005,9.38642],[99.29127,9.381781],[99.288748,9.377265],[99.263845,9.363756],[99.254649,9.356838],[99.235525,9.33633],[99.230235,9.31977],[99.234141,9.278266],[99.255056,9.232489],[99.301768,9.222602],[99.350759,9.219184],[99.378184,9.192939],[99.410981,9.196357],[99.443858,9.19599],[99.474783,9.200995],[99.50172,9.220282],[99.509288,9.2355],[99.514415,9.253241],[99.521495,9.269924],[99.535818,9.281684],[99.548188,9.283149],[99.593516,9.274848],[99.610118,9.277981],[99.623546,9.284817],[99.6338,9.291653],[99.641287,9.294745],[99.672374,9.302191],[99.689138,9.31391],[99.689464,9.315863],[99.727306,9.313707],[99.733735,9.312161],[99.739513,9.320502],[99.752778,9.31977],[99.771821,9.312283],[99.781586,9.308417],[99.786876,9.312812],[99.797699,9.318345],[99.803396,9.322659],[99.81544,9.311184],[99.853526,9.294664],[99.854503,9.285102],[99.853038,9.273993],[99.85963,9.257758],[99.877778,9.226467],[99.885997,9.233303],[99.886485,9.157904],[99.891449,9.138332],[99.899587,9.125312],[99.908702,9.114081],[99.91627,9.101996],[99.919444,9.086493],[99.919444,9.038398],[99.921641,9.028225],[99.931326,9.011868],[99.933116,9.000556],[99.931163,8.999823],[99.926524,8.994534],[99.921886,8.987128],[99.919444,8.980048],[99.919444,8.955797],[99.931163,8.878974],[99.92628,8.863349],[99.93922,8.832465],[99.959239,8.637641],[99.967133,8.605658],[99.984141,8.579413],[100.040782,8.545559],[100.049653,8.530951],[100.053722,8.513658],[100.075938,8.470404],[100.092133,8.446438],[100.098481,8.426459],[100.10434,8.41767],[100.11199,8.413153],[100.134044,8.403754],[100.13852,8.400946],[100.144216,8.388821],[100.157563,8.385728],[100.173513,8.38935],[100.18629,8.397203],[100.177094,8.426215],[100.175059,8.466457],[100.164806,8.50137],[100.131114,8.514553],[100.150645,8.522935],[100.180837,8.501207],[100.208344,8.469672],[100.22047,8.448717],[100.271495,8.317084],[100.302908,8.118557],[100.342459,7.938788],[100.367361,7.825588],[100.440196,7.476996],[100.500627,7.333995],[100.554401,7.249834],[100.567205,7.229493],[100.5746,7.209153],[100.573985,7.194973],[100.548139,7.19705],[100.535534,7.210047],[100.49963,7.242325],[100.480235,7.253892],[100.472423,7.258857],[100.444337,7.257817],[100.425548,7.267564],[100.438975,7.294135],[100.429073,7.326387],[100.422319,7.369974],[100.408122,7.37869],[100.410004,7.458319],[100.406016,7.527655],[100.389508,7.566181],[100.358927,7.57861],[100.325564,7.57448],[100.302989,7.540676],[100.295746,7.523586],[100.289561,7.518215],[100.278819,7.523912],[100.272634,7.531073],[100.269705,7.537502],[100.268809,7.545478],[100.268809,7.55744],[100.275564,7.576972],[100.309581,7.597724],[100.323497,7.6164],[100.326996,7.655219],[100.320567,7.707953],[100.306977,7.75788],[100.288748,7.788316],[100.269705,7.795396],[100.250499,7.791978],[100.230968,7.784817],[100.210623,7.780911],[100.200857,7.772325],[100.156423,7.733385],[100.144786,7.719428],[100.142914,7.700019],[100.154633,7.61579],[100.172618,7.56802],[100.17921,7.531195],[100.185395,7.514228],[100.196544,7.507148],[100.199229,7.503811],[100.22047,7.486029],[100.225108,7.479478],[100.227794,7.474595],[100.260509,7.393622],[100.278819,7.362209],[100.302989,7.342678],[100.32488,7.339789],[100.349783,7.339301],[100.370128,7.332709],[100.378673,7.311347],[100.378754,7.309801],[100.379405,7.287665],[100.381196,7.275702],[100.384939,7.266303],[100.393809,7.258531],[100.407958,7.258302],[100.417658,7.253489],[100.426872,7.245309],[100.410655,7.237006],[100.401866,7.233547],[100.395193,7.228664],[100.392345,7.222561],[100.395518,7.21133],[100.402599,7.203192],[100.41086,7.198637],[100.424436,7.171206],[100.43656,7.160135],[100.450625,7.155317],[100.466146,7.157237],[100.477786,7.146163],[100.486031,7.139901],[100.494802,7.136623],[100.519988,7.135553],[100.53163,7.137474],[100.555869,7.144695],[100.580821,7.167629],[100.588634,7.179592],[100.585701,7.207171],[100.58542,7.224402],[100.611095,7.192613],[100.765147,6.98314],[100.784434,6.967108],[100.811239,6.957428],[100.827347,6.951699],[100.849946,6.962063],[100.866474,6.947089],[100.896366,6.919635],[100.948108,6.880731],[100.997573,6.856675],[101.026703,6.85635],[101.068044,6.857733],[101.191417,6.861884],[101.231525,6.880323],[101.244267,6.902029],[101.277731,6.896256],[101.291562,6.884795],[101.310069,6.880357],[101.317149,6.875922],[101.319184,6.877997],[101.351329,6.875922],[101.343583,6.896143],[101.328298,6.917873],[101.262543,6.94477],[101.291731,6.954572],[101.320811,6.949286],[101.34669,6.928616],[101.38521,6.90522],[101.419444,6.894477],[101.43686,6.890204],[101.451915,6.888414],[101.471202,6.884019],[101.488048,6.878323],[101.495372,6.872504],[101.52296,6.860826],[101.557384,6.841783],[101.566254,6.832221],[101.668305,6.658637],[101.723481,6.574408],[101.771658,6.500718],[101.80836,6.464545],[101.908702,6.401923],[102.02003,6.29564],[102.072765,6.257758],[102.07309,6.257514],[102.066656,6.204748],[102.071268,6.126656],[102.060002,6.094797],[102.033441,6.06839],[101.959388,6.011598],[101.934739,5.981729],[101.919753,5.940259],[101.919288,5.897574],[101.912931,5.859308],[101.880324,5.831041],[101.869213,5.823858],[101.864252,5.815408],[101.860842,5.806494],[101.854744,5.797658],[101.825495,5.779829],[101.820224,5.773731],[101.812266,5.752544],[101.800483,5.739909],[101.784154,5.7381],[101.762863,5.749547],[101.754181,5.76027],[101.747877,5.772388],[101.740022,5.782361],[101.726793,5.78647],[101.714752,5.782904],[101.697567,5.767138],[101.696614,5.766264],[101.686692,5.7612],[101.665918,5.765592],[101.650363,5.782646],[101.630778,5.828405],[101.631295,5.837371],[101.634395,5.847344],[101.634085,5.855587],[101.624577,5.859411],[101.612898,5.861349],[101.605147,5.866103],[101.599772,5.874061],[101.595121,5.885352],[101.579308,5.906333],[101.557914,5.911346],[101.53466,5.906023],[101.500201,5.892694],[101.392653,5.851091],[101.357565,5.828405],[101.318962,5.810086],[101.279688,5.803032],[101.248993,5.786986],[101.236642,5.741666],[101.233593,5.719419],[101.225015,5.699214],[101.212302,5.681515],[101.196851,5.666813],[101.149981,5.638649],[101.122179,5.62989],[101.105435,5.637642],[101.093963,5.662653],[101.07877,5.687768],[101.059805,5.709575],[101.037326,5.724587],[101.027404,5.726551],[101.008387,5.725672],[100.99862,5.729548],[100.991747,5.73748],[100.980017,5.760993],[100.972427,5.772853],[100.967201,5.781018],[100.965289,5.792412],[100.967718,5.804117],[100.974281,5.815305],[101.015312,5.898349],[101.031848,5.908917],[101.052932,5.913103],[101.071122,5.919846],[101.07877,5.938166],[101.080424,5.957028],[101.087452,5.989687],[101.089002,6.046609],[101.094273,6.085754],[101.087142,6.105597],[101.068538,6.11955],[101.052519,6.134562],[101.053449,6.15761],[101.066885,6.174327],[101.080011,6.180347],[101.089157,6.188848],[101.091018,6.213162],[101.088279,6.233522],[101.081664,6.246467],[101.068952,6.25086],[101.023063,6.24099],[101.006475,6.246364],[100.974281,6.272616],[100.95516,6.268637],[100.928909,6.240628],[100.910099,6.235796],[100.868447,6.246157],[100.855115,6.247914],[100.842816,6.243935],[100.837338,6.237191],[100.832997,6.236675],[100.824574,6.25148],[100.822145,6.259877],[100.821525,6.288765],[100.823385,6.297679],[100.823732,6.298604],[100.826899,6.307058],[100.829018,6.316256],[100.827106,6.32455],[100.815169,6.344833],[100.810725,6.355763],[100.808451,6.367261],[100.805609,6.414803],[100.796307,6.433949],[100.773259,6.447308],[100.761891,6.448961],[100.751607,6.448806],[100.742305,6.450124],[100.733882,6.456377],[100.731195,6.464723],[100.731505,6.487021],[100.729954,6.493197],[100.71285,6.493041],[100.648409,6.447153],[100.630684,6.444776],[100.612649,6.449168],[100.578439,6.464258],[100.517409,6.481905],[100.499168,6.490303],[100.467231,6.513221],[100.452349,6.516864],[100.42651,6.513893],[100.409664,6.515262],[100.387391,6.522084],[100.377659,6.526754],[100.348789,6.54061],[100.329204,6.557766],[100.317887,6.576706],[100.280783,6.688921],[100.273962,6.696259],[100.263316,6.700006],[100.251741,6.701091],[100.242646,6.700264],[100.227505,6.690833],[100.227505,6.688869],[100.212363,6.689179],[100.203785,6.693882],[100.1992,6.699414],[100.196654,6.702486],[100.187559,6.707964],[100.173296,6.703416],[100.166836,6.695122],[100.164046,6.683728],[100.162754,6.661119],[100.156088,6.620579],[100.157173,6.603526],[100.165183,6.580323],[100.167198,6.566138],[100.161204,6.557456],[100.152419,6.549989],[100.145701,6.539524],[100.144822,6.530584],[100.148078,6.513221],[100.148491,6.504488],[100.144357,6.47958],[100.135572,6.457721],[100.127289,6.442288],[100.119965,6.463121],[100.108165,6.47956],[100.090099,6.484849],[100.102306,6.517076],[100.103526,6.533189],[100.093516,6.540107],[100.080577,6.536811],[100.072927,6.52851],[100.063324,6.506578],[100.029959,6.534654],[100.001313,6.56745],[99.997895,6.576117],[99.995128,6.587714],[99.991222,6.597846],[99.984141,6.6022],[99.971446,6.595608],[99.964122,6.593736],[99.960948,6.598456],[99.963145,6.605699],[99.972179,6.617865],[99.973969,6.622707],[99.971528,6.632758],[99.962901,6.649563],[99.960948,6.660549],[99.956554,6.664008],[99.947032,6.663398],[99.937348,6.66474],[99.933116,6.674221],[99.928477,6.692613],[99.917491,6.705268],[99.891449,6.725043],[99.867524,6.7626],[99.851736,6.776435],[99.833751,6.770087],[99.82488,6.769599],[99.817638,6.78262],[99.809581,6.808295],[99.802501,6.817532],[99.797211,6.821682],[99.710704,6.854153],[99.685802,6.877346],[99.686046,6.917467],[99.69044,6.935492],[99.695811,6.93769],[99.710216,6.937974],[99.713878,6.942206],[99.712901,6.951646],[99.707205,6.961005],[99.6963,6.965277],[99.680919,6.973619],[99.68214,6.992662],[99.686209,7.013373],[99.67921,7.02676],[99.695486,7.059882],[99.70574,7.075426],[99.716807,7.081977],[99.719981,7.088528],[99.748057,7.126044],[99.740571,7.137112],[99.723399,7.131822],[99.704845,7.121243],[99.692882,7.116116],[99.677582,7.123277],[99.671886,7.135403],[99.672374,7.170722],[99.637543,7.150865],[99.621104,7.13703],[99.614106,7.136664],[99.61085,7.150865],[99.603526,7.150865],[99.583995,7.15644],[99.557872,7.197455],[99.54005,7.244127],[99.545421,7.266303],[99.566742,7.278022],[99.585216,7.306708],[99.598399,7.342719],[99.603526,7.376166],[99.597341,7.376166],[99.569021,7.322211],[99.549571,7.301825],[99.524669,7.311347],[99.520518,7.326972],[99.525401,7.370022],[99.521495,7.383612],[99.508149,7.384955],[99.497813,7.370795],[99.490977,7.35102],[99.488048,7.335191],[99.492198,7.299872],[99.488292,7.285712],[99.470714,7.279975],[99.460216,7.282864],[99.44516,7.2897],[99.431814,7.297797],[99.426036,7.304511],[99.420665,7.30744],[99.392345,7.312201],[99.378184,7.32095],[99.365896,7.336371],[99.336599,7.383612],[99.345876,7.400051],[99.347423,7.423489],[99.344005,7.46898],[99.341807,7.475735],[99.331879,7.491929],[99.329845,7.503404],[99.325206,7.504869],[99.303396,7.504625],[99.295584,7.507148],[99.308849,7.528306],[99.307384,7.550279],[99.300059,7.575385],[99.292735,7.620673],[99.285899,7.621772],[99.277029,7.617499],[99.268321,7.6164],[99.259532,7.620836],[99.249766,7.627753],[99.246755,7.634101],[99.258067,7.636868],[99.262218,7.643256],[99.255707,7.657375],[99.243663,7.671454],[99.230479,7.677802],[99.214366,7.679999],[99.206228,7.68594],[99.192556,7.705146],[99.172618,7.719713],[99.153087,7.730658],[99.137543,7.74433],[99.130544,7.767239],[99.124278,7.767239],[99.121918,7.733059],[99.112153,7.705512],[99.091482,7.69184],[99.056,7.69892],[99.033214,7.722805],[99.02768,7.788886],[99.014415,7.815009],[99.056,7.847357],[99.062266,7.859361],[99.064138,7.878119],[99.070323,7.907904],[99.069591,7.924872],[99.050304,7.905463],[99.040701,7.901842],[99.028087,7.903754],[99.02296,7.909573],[99.007579,7.935126],[99.000255,7.942572],[98.984141,7.947252],[98.967784,7.956204],[98.96046,7.976386],[98.961599,7.986477],[98.96339,7.992621],[98.963878,7.998277],[98.96046,8.006781],[98.953461,8.015448],[98.937348,8.024319],[98.929454,8.030992],[98.923676,8.041409],[98.92213,8.048529],[98.917979,8.051337],[98.905284,8.048407],[98.898936,8.042711],[98.891612,8.024888],[98.888194,8.021064],[98.872813,8.016791],[98.857921,8.00845],[98.843598,8.002875],[98.829438,8.006781],[98.824555,8.01435],[98.817719,8.036566],[98.812755,8.044989],[98.800304,8.052436],[98.794688,8.048489],[98.792003,8.040229],[98.788585,8.034735],[98.775564,8.023424],[98.770274,8.023668],[98.768077,8.038153],[98.765391,8.047105],[98.752452,8.060126],[98.747406,8.068264],[98.745128,8.087551],[98.747406,8.136542],[98.743907,8.149888],[98.747406,8.181952],[98.747406,8.199205],[98.744151,8.214911],[98.727061,8.253852],[98.712738,8.225898],[98.706554,8.225898],[98.703136,8.298529],[98.6963,8.308498],[98.677257,8.303168],[98.648204,8.284857],[98.637543,8.287991],[98.63087,8.287991],[98.63087,8.281155],[98.624034,8.281155],[98.622081,8.292873],[98.626231,8.346096],[98.631602,8.354438],[98.64796,8.366523],[98.655447,8.379625],[98.6421,8.385932],[98.620616,8.390204],[98.603526,8.397203],[98.598888,8.374905],[98.585134,8.368964],[98.567556,8.367865],[98.552013,8.360012],[98.541759,8.349026],[98.526052,8.33633],[98.510427,8.331122],[98.500499,8.343207],[98.493663,8.343207],[98.491954,8.331285],[98.486664,8.324897],[98.479828,8.325751],[98.473155,8.335761],[98.466319,8.335761],[98.466319,8.32274],[98.445649,8.3251],[98.428233,8.316962],[98.422211,8.306342],[98.453136,8.294013],[98.456798,8.277533],[98.456554,8.258287],[98.462657,8.243313],[98.462901,8.216132],[98.446137,8.175116],[98.424978,8.148424],[98.411632,8.164496],[98.405528,8.164496],[98.404796,8.155219],[98.402029,8.148993],[98.391287,8.136542],[98.375255,8.150824],[98.356944,8.185004],[98.331228,8.195054],[98.328136,8.202338],[98.323985,8.209621],[98.312511,8.212877],[98.301524,8.213609],[98.293305,8.215888],[98.286876,8.219916],[98.281423,8.225898],[98.277599,8.240709],[98.277599,8.283515],[98.271495,8.297919],[98.26238,8.312812],[98.242035,8.40648],[98.199474,8.534369],[98.198009,8.556057],[98.202973,8.573879],[98.209727,8.581488],[98.213145,8.572577],[98.215668,8.553371],[98.223155,8.540432],[98.247325,8.514553],[98.253103,8.534654],[98.244314,8.546861],[98.230154,8.556586],[98.219981,8.569159],[98.219493,8.575629],[98.222179,8.580634],[98.225271,8.584906],[98.226817,8.589016],[98.226248,8.605373],[98.226817,8.610093],[98.238048,8.641059],[98.240489,8.651068],[98.238536,8.673041],[98.22283,8.712388],[98.219981,8.726223],[98.224132,8.735338],[98.231212,8.740871],[98.239594,8.745836],[98.247325,8.753485],[98.250743,8.759955],[98.252778,8.766425],[98.256521,8.828559],[98.261567,8.850653],[98.283539,8.884955],[98.292735,8.924384],[98.312185,8.951361],[98.32488,8.975246],[98.333018,8.980048],[98.336762,8.977607],[98.351573,8.973782],[98.364024,8.973944],[98.360606,8.983466],[98.358084,8.995998],[98.367849,9.009996],[98.391287,9.035305],[98.361339,9.023017],[98.342459,9.018215],[98.332693,9.026068],[98.329845,9.052069],[98.342052,9.062893],[98.365977,9.06391],[98.382009,9.071926],[98.370779,9.103583],[98.341482,9.141832],[98.32838,9.164374],[98.323009,9.189195],[98.322276,9.209377],[98.326915,9.203681],[98.339692,9.199774],[98.34783,9.202786],[98.355805,9.209906],[98.370779,9.226467],[98.352306,9.235907],[98.351899,9.25137],[98.361095,9.268215],[98.364024,9.281684],[98.375987,9.298163],[98.383311,9.316555],[98.397146,9.378811],[98.40504,9.396877],[98.425466,9.432522],[98.443207,9.520819],[98.457205,9.548529],[98.486827,9.528062],[98.519867,9.553778],[98.531098,9.566107],[98.528494,9.575873],[98.520844,9.577582],[98.50172,9.575019],[98.493663,9.575873],[98.489594,9.58039],[98.48585,9.593655],[98.483409,9.596381],[98.46339,9.604438],[98.47169,9.621161],[98.490245,9.634955],[98.500499,9.634508],[98.502696,9.638373],[98.511974,9.650214],[98.514171,9.654731],[98.511485,9.662055],[98.493663,9.685736],[98.51002,9.686591],[98.513194,9.694892],[98.506602,9.705634],[98.493663,9.71369],[98.500499,9.719916],[98.515636,9.710191],[98.531423,9.703925],[98.543956,9.706488],[98.549001,9.723619],[98.553233,9.724595],[98.56129,9.733059],[98.565766,9.742621],[98.559255,9.747219],[98.538748,9.747463],[98.529796,9.749579],[98.521007,9.754625],[98.516449,9.747789],[98.51531,9.744818],[98.514171,9.740383],[98.507986,9.740383],[98.509125,9.748521],[98.5088,9.770819],[98.507986,9.774563],[98.516368,9.782945],[98.524181,9.78498],[98.532237,9.785305],[98.541515,9.788235],[98.555431,9.798041],[98.566173,9.810004],[98.574962,9.824652],[98.583018,9.842841],[98.574962,9.835598],[98.558442,9.815009],[98.549001,9.809272],[98.54005,9.810981],[98.534679,9.81802],[98.530284,9.825588],[98.512706,9.836859],[98.520763,9.854438],[98.536876,9.872952],[98.549001,9.883734],[98.553559,9.876695],[98.559906,9.873033],[98.567393,9.873236],[98.576182,9.87759],[98.570486,9.884223],[98.58546,9.894965],[98.589854,9.905463],[98.586436,9.909329],[98.578868,9.911322],[98.571625,9.915473],[98.573578,9.920885],[98.583832,9.930325],[98.59197,9.942694],[98.599864,9.948147],[98.622081,9.947821],[98.63087,9.952704],[98.633149,9.962958],[98.623546,9.96719],[98.612559,9.965969],[98.610362,9.96011],[98.59962,9.973863],[98.599783,9.980455],[98.603526,9.993598],[98.64796,10.069322],[98.662283,10.085273],[98.689626,10.162055],[98.712901,10.205512],[98.72047,10.227932],[98.725352,10.251614],[98.727061,10.27204],[98.730805,10.291734],[98.746267,10.329006],[98.747406,10.350531],[98.766405,10.4112],[98.776534,10.462102],[98.790383,10.500265],[98.791313,10.520418],[98.777257,10.583231],[98.770746,10.59398],[98.751522,10.610361],[98.747905,10.623125],[98.756793,10.666068],[98.766715,10.688754],[98.81095,10.746632],[98.83007,10.763556],[98.839579,10.766398],[98.86087,10.767664],[98.868208,10.769886],[98.875339,10.77862],[98.879191,10.788203],[98.883607,10.799187],[98.892082,10.808515],[98.905415,10.814406],[98.914716,10.812287],[98.923295,10.808101],[98.934043,10.807714],[98.9697,10.823113],[98.974454,10.824198],[98.981896,10.832415],[98.986133,10.840321],[98.989854,10.860449],[98.989751,10.875151],[98.981792,10.895486],[98.979622,10.907656],[98.980242,10.918017],[98.982619,10.928946],[98.98665,10.939308],[98.992334,10.947963],[99.001533,10.957627],[99.005564,10.958815],[99.010628,10.956232],[99.02334,10.954371],[99.034709,10.950961],[99.045251,10.945509],[99.05507,10.94525],[99.063648,10.95742],[99.072536,10.987599],[99.076877,10.996513],[99.093207,11.012972],[99.133101,11.033385],[99.140946,11.03941],[99.151705,11.047673],[99.158216,11.057311],[99.167621,11.077981],[99.175062,11.087438],[99.184881,11.092967],[99.206172,11.100021],[99.212993,11.108264],[99.243275,11.197664],[99.256194,11.219988],[99.28844,11.258306],[99.300533,11.28063],[99.315726,11.320809],[99.326371,11.336234],[99.364301,11.376723],[99.370503,11.393337],[99.372053,11.410855],[99.377634,11.435505],[99.387039,11.45155],[99.415874,11.480231],[99.428173,11.496896],[99.437372,11.516688],[99.441093,11.533406],[99.439232,11.57392],[99.440576,11.597278],[99.449774,11.613763],[99.466104,11.623943],[99.489152,11.628439],[99.5307,11.630919],[99.542585,11.640479],[99.606871,11.725694],[99.615346,11.749413],[99.630022,11.815766],[99.627955,11.825378],[99.611005,11.830183],[99.591781,11.842276],[99.573798,11.857727],[99.561395,11.87292],[99.554057,11.895037],[99.557365,11.915605],[99.572867,11.955912],[99.574004,11.976324],[99.566976,11.993326],[99.553334,12.005522],[99.534317,12.011568],[99.518401,12.025934],[99.521708,12.053684],[99.537624,12.100865],[99.539278,12.112285],[99.543515,12.122465],[99.545789,12.13187],[99.541655,12.140655],[99.53287,12.144531],[99.522638,12.144221],[99.466311,12.126031],[99.452255,12.12939],[99.448844,12.147218],[99.454115,12.156882],[99.46383,12.164582],[99.471995,12.173625],[99.473752,12.187268],[99.470135,12.197396],[99.459386,12.217085],[99.455562,12.227575],[99.454735,12.238221],[99.457112,12.256411],[99.454425,12.267263],[99.447604,12.278218],[99.432204,12.296408],[99.426727,12.308655],[99.423419,12.327776],[99.420629,12.38338],[99.414014,12.405239],[99.391276,12.44534],[99.387039,12.465907],[99.389519,12.475984],[99.400268,12.497481],[99.404196,12.508127],[99.407089,12.530244],[99.407296,12.551483],[99.404747,12.566941],[99.403265,12.575926],[99.393757,12.589775],[99.344458,12.61675],[99.333399,12.625432],[99.32358,12.635406],[99.317172,12.645896],[99.309731,12.653492],[99.28627,12.660004],[99.276865,12.665585],[99.273454,12.673543],[99.27118,12.6938],[99.266736,12.702843],[99.256298,12.709458],[99.233457,12.713127],[99.224465,12.717468],[99.21413,12.73465],[99.2132,12.752608],[99.21444,12.771676],[99.210719,12.792269],[99.203071,12.803871],[99.183227,12.822578],[99.175269,12.83343],[99.171858,12.843326],[99.168448,12.874099],[99.155322,12.904485],[99.153151,12.913554],[99.154185,12.926602],[99.157906,12.935956],[99.163073,12.944663],[99.167311,12.956006],[99.16483,12.975514],[99.151084,12.994789],[99.132481,13.011042],[99.115324,13.021403],[99.093207,13.038327],[99.088349,13.058351],[99.093827,13.080676],[99.102509,13.104395],[99.105299,13.129613],[99.102199,13.151834],[99.102095,13.171342],[99.114084,13.188085],[99.133204,13.195165],[99.172789,13.199506],[99.18648,13.211559],[99.187258,13.212244],[99.190152,13.229504],[99.186018,13.249993],[99.173409,13.287433],[99.172789,13.300921],[99.176923,13.310326],[99.18271,13.318723],[99.186948,13.329136],[99.186948,13.338748],[99.183641,13.357971],[99.188808,13.407917],[99.187878,13.42714],[99.152015,13.581963],[99.149534,13.665989],[99.152841,13.688726],[99.152531,13.714875],[99.146779,13.723674],[99.141266,13.732109],[99.108813,13.762701],[99.101165,13.778824],[99.089796,13.826651],[99.089486,13.843911],[99.091863,13.855925],[99.092173,13.863574],[99.090003,13.870111],[99.084835,13.878534],[99.080288,13.881557],[99.066335,13.885329],[99.061064,13.888016],[99.057137,13.894088],[99.052072,13.909049],[99.047628,13.914992],[99.016209,13.937936],[99.007114,13.949641],[98.996985,13.971629],[98.98479,13.990594],[98.952957,14.028034],[98.947583,14.046405],[98.945309,14.069142],[98.935284,14.085395],[98.917714,14.096376],[98.893736,14.103249],[98.872342,14.112473],[98.753693,14.200116],[98.731058,14.2235],[98.706977,14.269983],[98.697365,14.271378],[98.685583,14.267399],[98.67039,14.267916],[98.663569,14.272877],[98.650753,14.289413],[98.644242,14.295666],[98.636904,14.298973],[98.621504,14.30241],[98.614476,14.305149],[98.601454,14.313649],[98.593186,14.321608],[98.54771,14.377676],[98.478154,14.516505],[98.465131,14.523352],[98.452832,14.528055],[98.445494,14.542033],[98.440017,14.56627],[98.431335,14.587845],[98.418209,14.607559],[98.297493,14.721247],[98.243336,14.805118],[98.235378,14.824548],[98.238789,14.839095],[98.239099,14.844005],[98.235895,14.850387],[98.225146,14.858965],[98.222149,14.864262],[98.220392,14.885268],[98.221632,14.921261],[98.214914,14.943172],[98.19507,14.977588],[98.191143,14.98813],[98.191224,14.99321],[98.19135,15.001153],[98.195691,15.010687],[98.201168,15.019291],[98.204372,15.029575],[98.198998,15.051382],[98.1988,15.051583],[98.168072,15.082771],[98.160447,15.106366],[98.164995,15.125796],[98.185769,15.160781],[98.19073,15.179178],[98.18468,15.193155],[98.177914,15.208789],[98.177906,15.208921],[98.17719,15.220597],[98.207693,15.219216],[98.215431,15.218865],[98.232898,15.226798],[98.247677,15.240931],[98.283024,15.289972],[98.295116,15.292608],[98.317854,15.28899],[98.336044,15.282169],[98.370254,15.261912],[98.38524,15.256253],[98.392268,15.258243],[98.394748,15.264909],[98.394748,15.280076],[98.392061,15.285838],[98.386067,15.290386],[98.379969,15.293848],[98.377488,15.296458],[98.378832,15.301625],[98.381209,15.306638],[98.383689,15.310281],[98.384826,15.311366],[98.393611,15.316276],[98.399089,15.321779],[98.400329,15.330667],[98.396195,15.347617],[98.396919,15.35573],[98.40343,15.360097],[98.439397,15.36759],[98.455416,15.373636],[98.474537,15.383481],[98.495,15.374799],[98.515464,15.363456],[98.530244,15.347721],[98.533551,15.325965],[98.559906,15.355317],[98.569001,15.402136],[98.567141,15.452546],[98.54368,15.601504],[98.545747,15.658632],[98.544055,15.675098],[98.540269,15.711962],[98.54306,15.735371],[98.574375,15.835985],[98.576649,15.854176],[98.569311,15.896137],[98.568588,15.920166],[98.58068,15.95913],[98.583781,15.976959],[98.576959,15.996906],[98.550088,16.034216],[98.546987,16.047497],[98.555875,16.055507],[98.567658,16.053957],[98.579957,16.048789],[98.590085,16.045792],[98.603108,16.045843],[98.611582,16.046929],[98.619127,16.051011],[98.630186,16.060003],[98.644139,16.07964],[98.65034,16.099639],[98.658711,16.116278],[98.679589,16.126149],[98.697159,16.126872],[98.758447,16.119172],[98.770332,16.11385],[98.776017,16.106873],[98.783045,16.102429],[98.798444,16.104444],[98.807229,16.110542],[98.830794,16.135605],[98.835445,16.144545],[98.834721,16.167748],[98.836685,16.189039],[98.843093,16.208728],[98.855599,16.226969],[98.883711,16.25875],[98.888672,16.274563],[98.893426,16.319884],[98.903348,16.363447],[98.902521,16.381637],[98.885261,16.406183],[98.86211,16.420653],[98.843403,16.438378],[98.839579,16.472432],[98.818702,16.455638],[98.810433,16.439618],[98.802062,16.398277],[98.788626,16.374557],[98.728268,16.328255],[98.698399,16.28495],[98.682379,16.273478],[98.663259,16.286656],[98.656954,16.301642],[98.642382,16.373627],[98.629463,16.402669],[98.628222,16.413573],[98.638248,16.43445],[98.639798,16.444992],[98.631633,16.463131],[98.570448,16.541575],[98.564247,16.551962],[98.56404,16.562711],[98.567347,16.573305],[98.567761,16.582503],[98.565797,16.591547],[98.56156,16.601727],[98.54709,16.620124],[98.51226,16.643275],[98.498411,16.662395],[98.491383,16.689732],[98.486319,16.700997],[98.456657,16.723218],[98.454693,16.740995],[98.462548,16.760115],[98.474537,16.776652],[98.489213,16.780734],[98.505439,16.790656],[98.517531,16.803006],[98.520529,16.814117],[98.513191,16.822178],[98.503372,16.826003],[98.49438,16.83117],[98.49004,16.843211],[98.49252,16.857422],[98.500582,16.862228],[98.51195,16.859282],[98.524559,16.850445],[98.515981,16.878971],[98.50947,16.892665],[98.500065,16.898918],[98.484458,16.905894],[98.480738,16.92057],[98.480428,16.937262],[98.474537,16.950439],[98.463685,16.963617],[98.446735,16.996328],[98.436193,17.011573],[98.417899,17.029039],[98.399916,17.04015],[98.379762,17.045782],[98.330669,17.046868],[98.313306,17.052035],[98.299664,17.064748],[98.286228,17.087434],[98.290155,17.090844],[98.295323,17.099836],[98.294393,17.107587],[98.268348,17.107742],[98.266177,17.116372],[98.270828,17.127793],[98.278993,17.136578],[98.256255,17.151616],[98.221012,17.20076],[98.201788,17.215694],[98.186182,17.224221],[98.100606,17.302614],[98.092648,17.312226],[98.090477,17.325249],[98.094095,17.346333],[98.094715,17.358631],[98.08872,17.372791],[98.076835,17.380026],[98.062262,17.384831],[98.048723,17.391549],[98.035494,17.405037],[98.028569,17.418783],[98.018234,17.447412],[97.996116,17.480795],[97.991672,17.495729],[97.982784,17.505444],[97.972242,17.511697],[97.948574,17.522394],[97.933794,17.531799],[97.907994,17.554866],[97.768947,17.67918],[97.759335,17.691479],[97.753134,17.70538],[97.75179,17.718093],[97.751583,17.729565],[97.74962,17.739849],[97.741041,17.750184],[97.716857,17.769769],[97.711172,17.781293],[97.706521,17.794729],[97.696496,17.806563],[97.683991,17.816536],[97.676136,17.830334],[97.69908,17.833331],[97.685541,17.880718],[97.691845,17.895601],[97.720061,17.943195],[97.747553,17.96092],[97.75086,17.963659],[97.754064,17.969034],[97.75179,17.980764],[97.747242,17.992495],[97.744039,17.997817],[97.739801,18.002933],[97.725228,18.036755],[97.722128,18.048925],[97.720061,18.053059],[97.706418,18.059286],[97.702181,18.061844],[97.697736,18.060733],[97.694222,18.061508],[97.692776,18.070113],[97.693706,18.075125],[97.698047,18.08466],[97.69908,18.090654],[97.696806,18.101584],[97.687505,18.119825],[97.685334,18.131608],[97.685334,18.14016],[97.684301,18.146103],[97.680373,18.15264],[97.629007,18.220853],[97.617948,18.241678],[97.620739,18.251083],[97.635725,18.257595],[97.643269,18.27302],[97.643786,18.291314],[97.637585,18.306326],[97.624666,18.313405],[97.573816,18.333094],[97.562448,18.33051],[97.560587,18.328262],[97.541984,18.280229],[97.537643,18.272581],[97.528341,18.26532],[97.508084,18.27656],[97.486483,18.29214],[97.466536,18.311442],[97.452583,18.333611],[97.446796,18.358312],[97.446486,18.381179],[97.443075,18.403348],[97.41765,18.441149],[97.394602,18.48709],[97.390468,18.501818],[97.3791,18.520783],[97.357602,18.539903],[97.351401,18.551169],[97.372899,18.548617],[97.380133,18.547758],[97.388918,18.542228],[97.409382,18.511352],[97.412172,18.503032],[97.416617,18.49603],[97.427469,18.489519],[97.438114,18.488123],[97.462815,18.492464],[97.509531,18.491276],[97.548392,18.509078],[97.617948,18.553158],[97.637378,18.559282],[97.690295,18.557886],[97.737941,18.570496],[97.742798,18.569255],[97.745692,18.571064],[97.75179,18.582484],[97.759748,18.622792],[97.752617,18.663436],[97.741248,18.703149],[97.736287,18.740588],[97.73577,18.762654],[97.73267,18.780509],[97.720371,18.817638],[97.719441,18.82588],[97.723368,18.851977],[97.71913,18.864638],[97.708589,18.875206],[97.684404,18.892491],[97.661873,18.913782],[97.657842,18.925719],[97.668074,18.935434],[97.689055,18.949749],[97.703318,18.964373],[97.710449,18.979902],[97.71696,19.018323],[97.727812,19.037082],[97.789927,19.082583],[97.804087,19.097957],[97.810804,19.11222],[97.815145,19.190561],[97.812561,19.208467],[97.805223,19.227355],[97.796335,19.236682],[97.76967,19.257275],[97.764089,19.266396],[97.768016,19.277119],[97.777318,19.278618],[97.788687,19.277739],[97.798299,19.281408],[97.806154,19.301097],[97.797059,19.318383],[97.783106,19.33709],[97.776698,19.361093],[97.775148,19.371067],[97.767706,19.390368],[97.767086,19.397525],[97.800366,19.440778],[97.833542,19.468709],[97.84212,19.479381],[97.848735,19.493979],[97.848115,19.49956],[97.844291,19.504521],[97.840984,19.517156],[97.838916,19.537103],[97.839847,19.555319],[97.848632,19.567644],[97.869123,19.57049],[97.885839,19.572812],[97.948057,19.602422],[97.956119,19.609373],[97.970691,19.625935],[97.979476,19.633325],[97.990432,19.636554],[98.000147,19.636296],[98.008312,19.639112],[98.013583,19.651747],[98.013893,19.669447],[98.005625,19.705646],[98.004591,19.723913],[98.017924,19.789388],[98.024538,19.802978],[98.045622,19.807629],[98.060608,19.793909],[98.072907,19.777295],[98.08593,19.773161],[98.111355,19.77714],[98.132232,19.766056],[98.172023,19.731562],[98.205922,19.721485],[98.213261,19.717764],[98.217911,19.707971],[98.216671,19.687456],[98.219152,19.676991],[98.237548,19.664692],[98.262767,19.66986],[98.307312,19.689988],[98.347619,19.690634],[98.394438,19.686345],[98.439603,19.68774],[98.474537,19.70531],[98.477801,19.705629],[98.488799,19.706705],[98.497584,19.700711],[98.505129,19.691512],[98.515464,19.683373],[98.532621,19.675854],[98.536548,19.677095],[98.537995,19.68389],[98.548331,19.692649],[98.568278,19.699987],[98.590705,19.704096],[98.598353,19.709082],[98.615407,19.729779],[98.623778,19.737504],[98.641348,19.744946],[98.730128,19.757296],[98.749248,19.763498],[98.80785,19.806544],[98.837925,19.793444],[98.851878,19.784039],[98.864487,19.773213],[98.883711,19.745463],[98.899317,19.748615],[98.935077,19.773471],[98.973834,19.78807],[98.987684,19.799361],[99.000913,19.821013],[99.008768,19.845922],[99.007631,19.864887],[99.00267,19.883594],[98.999362,19.907727],[99.001429,19.917881],[99.006184,19.924935],[99.010938,19.930206],[99.013522,19.93496],[99.012798,19.944236],[99.007011,19.962452],[99.005874,19.972348],[99.016829,20.041],[99.036466,20.075158],[99.073466,20.101229],[99.117495,20.117791],[99.158422,20.123553],[99.177749,20.121796],[99.218987,20.110453],[99.236454,20.102728],[99.275315,20.072187],[99.295675,20.062497],[99.321203,20.06627],[99.441403,20.101617],[99.474476,20.128075],[99.487498,20.141252],[99.49928,20.146885],[99.508734,20.152805],[99.510339,20.15381],[99.520571,20.170966],[99.525842,20.196184],[99.518917,20.212178],[99.486258,20.245484],[99.474992,20.303723],[99.466414,20.322172],[99.42962,20.358681],[99.420629,20.375553],[99.439956,20.382168],[99.454115,20.377104],[99.502898,20.345219],[99.579689,20.321241],[99.589301,20.320776],[99.607594,20.323153],[99.618033,20.322378],[99.627024,20.318761],[99.642217,20.308839],[99.651932,20.306824],[99.671259,20.310131],[99.708415,20.325014],[99.729085,20.328528],[99.7696,20.328424],[99.78717,20.334083],[99.804016,20.348992],[99.813008,20.36527],[99.82634,20.401392],[99.837709,20.416843],[99.855693,20.428057],[99.877913,20.435136],[99.932484,20.442733],[99.937135,20.445006],[99.942044,20.444025],[99.952379,20.436273],[99.958787,20.427488],[99.961113,20.417825],[99.96473,20.408626],[99.974342,20.400823],[99.985917,20.387025],[99.996718,20.383511],[100.008448,20.383589],[100.022918,20.380773],[100.036147,20.373124],[100.042658,20.364779],[100.047619,20.355244],[100.055474,20.344186],[100.099295,20.317805],[100.09728,20.283233],[100.102964,20.263596],[100.116607,20.248016],[100.134642,20.239102],[100.152522,20.239153],[100.167715,20.253623],[100.167095,20.292613],[100.176397,20.300622],[100.179497,20.302483],[100.201718,20.310312],[100.207196,20.311139],[100.209159,20.312999],[100.220683,20.348992],[100.240372,20.372814],[100.270241,20.391831],[100.306518,20.399686],[100.344345,20.389971],[100.364395,20.368965],[100.421601,20.250186],[100.447336,20.218044],[100.452142,20.21024],[100.45731,20.196391],[100.46103,20.190707],[100.468782,20.18572],[100.485628,20.178769],[100.488936,20.173343],[100.496377,20.164868],[100.51281,20.155282],[100.529243,20.149727],[100.536685,20.153474],[100.541956,20.166729],[100.546503,20.167917],[100.548674,20.158021],[100.550586,20.106526],[100.543351,20.06658],[100.518546,19.995499],[100.492656,19.931653],[100.487954,19.896978],[100.483975,19.8807],[100.474259,19.865352],[100.46563,19.859771],[100.446251,19.852123],[100.438448,19.847213],[100.43142,19.838273],[100.420516,19.810446],[100.407659,19.794257],[100.383516,19.763859],[100.379175,19.745669],[100.383826,19.732001],[100.390048,19.724387],[100.400466,19.71164],[100.407235,19.699936],[100.410491,19.684252],[100.41292,19.651566],[100.418862,19.634358],[100.427079,19.621801],[100.447491,19.597771],[100.455553,19.584671],[100.458963,19.568057],[100.458963,19.551831],[100.46196,19.537103],[100.474259,19.524985],[100.491829,19.514469],[100.520613,19.502609],[100.549294,19.494548],[100.566657,19.495633],[100.574758,19.508347],[100.585984,19.525967],[100.607016,19.540927],[100.633268,19.542167],[100.714762,19.512454],[100.729231,19.50465],[100.738171,19.495039],[100.745509,19.485013],[100.753002,19.48243],[100.762614,19.495478],[100.808451,19.536535],[100.849017,19.582527],[100.861213,19.602603],[100.865037,19.607151],[100.874597,19.612912],[100.879816,19.613584],[100.885656,19.612447],[100.974281,19.613481],[101.002548,19.610613],[101.024303,19.602861],[101.068228,19.577127],[101.095824,19.567282],[101.124659,19.565112],[101.152668,19.568367],[101.176852,19.574749],[101.188324,19.580744],[101.197316,19.586868],[101.207961,19.589555],[101.225015,19.585214],[101.238244,19.578186],[101.246202,19.570279],[101.25106,19.560306],[101.254884,19.547154],[101.256951,19.522789],[101.251731,19.494444],[101.238244,19.472301],[101.2153,19.466358],[101.192872,19.452793],[101.177782,19.417214],[101.172356,19.376389],[101.178454,19.346624],[101.185017,19.341999],[101.201967,19.338666],[101.207755,19.334687],[101.211269,19.326367],[101.210907,19.320631],[101.209253,19.315592],[101.209512,19.309417],[101.229872,19.225804],[101.226772,19.167152],[101.229149,19.143587],[101.235712,19.12811],[101.247442,19.115785],[101.291161,19.078992],[101.317877,19.05013],[101.326404,19.020546],[101.283926,18.981478],[101.277001,18.96706],[101.267286,18.934453],[101.257261,18.919492],[101.232921,18.892724],[101.224911,18.874766],[101.223309,18.855491],[101.228632,18.795624],[101.223981,18.778545],[101.209202,18.746325],[101.205843,18.730072],[101.211269,18.711908],[101.234782,18.68948],[101.240104,18.673642],[101.23473,18.658449],[101.221914,18.642042],[101.194112,18.616798],[101.185327,18.612534],[101.167757,18.606359],[101.160884,18.599796],[101.158145,18.589978],[101.159127,18.567705],[101.155355,18.556724],[101.142074,18.544296],[101.077892,18.510422],[101.073809,18.505771],[101.071949,18.495668],[101.064714,18.476419],[101.035621,18.447841],[101.030298,18.427791],[101.037016,18.410454],[101.05102,18.39247],[101.074089,18.371613],[101.082284,18.364203],[101.145536,18.336246],[101.155407,18.322888],[101.152409,18.316377],[101.135408,18.298393],[101.130137,18.291159],[101.127966,18.280952],[101.12838,18.245735],[101.131739,18.238862],[101.139645,18.218708],[101.145536,18.212998],[101.152771,18.209071],[101.159282,18.204058],[101.162796,18.195299],[101.160523,18.179512],[101.14564,18.141943],[101.141609,18.123959],[101.144968,18.104736],[101.162073,18.067451],[101.165173,18.053421],[101.157525,18.04045],[101.125434,18.02133],[101.112308,18.011305],[101.094893,17.984381],[101.081974,17.958336],[101.066161,17.933997],[101.039806,17.912034],[101.008284,17.89524],[101.000842,17.884801],[100.997122,17.864595],[101.000274,17.830489],[100.994796,17.817725],[100.974281,17.80925],[100.967046,17.803824],[100.965186,17.797623],[100.967718,17.791008],[100.974281,17.78398],[100.975211,17.781913],[100.975521,17.779794],[100.975211,17.777624],[100.974281,17.775505],[100.964876,17.770596],[100.958571,17.764136],[100.956401,17.75592],[100.958726,17.745791],[100.96069,17.725586],[100.955878,17.707532],[100.953817,17.699799],[100.932939,17.654531],[100.899453,17.616962],[100.885656,17.595878],[100.886017,17.57376],[100.901934,17.561927],[100.937738,17.555486],[100.981515,17.547612],[101.000842,17.538207],[101.019032,17.526632],[101.035466,17.512627],[101.049315,17.495729],[101.066161,17.492215],[101.09603,17.475265],[101.124659,17.463948],[101.128897,17.461158],[101.132307,17.461674],[101.141816,17.467152],[101.14719,17.472475],[101.164243,17.495781],[101.166724,17.510612],[101.176956,17.5164],[101.190288,17.518725],[101.202174,17.523169],[101.20853,17.531282],[101.228632,17.568489],[101.247029,17.592157],[101.357306,17.679025],[101.369864,17.683159],[101.37746,17.682643],[101.383765,17.684916],[101.401593,17.706672],[101.403092,17.709463],[101.404022,17.715561],[101.398751,17.717163],[101.388364,17.717783],[101.381904,17.720728],[101.388002,17.729307],[101.401851,17.733751],[101.416993,17.732355],[101.43203,17.733596],[101.44526,17.745791],[101.449807,17.749254],[101.453476,17.751011],[101.45606,17.750184],[101.457352,17.745791],[101.459109,17.739487],[101.468307,17.720367],[101.470426,17.722589],[101.474198,17.730598],[101.479004,17.737988],[101.482983,17.745791],[101.502724,17.765377],[101.53652,17.779123],[101.556261,17.792145],[101.53404,17.80956],[101.545505,17.813672],[101.564012,17.820309],[101.570523,17.828887],[101.575071,17.839791],[101.577551,17.852917],[101.577551,17.868109],[101.600392,17.854364],[101.611141,17.865526],[101.619874,17.884646],[101.636204,17.894826],[101.729067,17.912189],[101.732581,17.932033],[101.75692,17.997817],[101.765757,18.040321],[101.773922,18.058563],[101.790407,18.073575],[101.796659,18.073575],[101.806064,18.062387],[101.845184,18.052129],[101.883786,18.030839],[101.904301,18.037117],[102.055527,18.192345],[102.071268,18.208502],[102.078503,18.213799],[102.107385,18.212377],[102.153537,18.210104],[102.171934,18.200286],[102.178393,18.185971],[102.182114,18.169228],[102.191571,18.152071],[102.221801,18.131608],[102.225574,18.128197],[102.233119,18.124166],[102.25658,18.094039],[102.306706,18.051457],[102.336523,18.03704],[102.366392,18.038797],[102.385151,18.016059],[102.412229,17.9942],[102.445509,17.977767],[102.482044,17.971152],[102.567517,17.970842],[102.599608,17.955184],[102.61232,17.91529],[102.595577,17.850074],[102.595267,17.840824],[102.609426,17.837],[102.660793,17.812867],[102.68291,17.810077],[102.68291,17.817363],[102.67335,17.831781],[102.667614,17.850074],[102.672988,17.865371],[102.686734,17.873535],[102.722184,17.881804],[102.737377,17.890434],[102.774067,17.922731],[102.831893,17.953117],[102.838043,17.963763],[102.852719,17.972031],[102.938605,18.008928],[102.954935,18.012132],[102.972918,18.007739],[103.003821,17.988567],[103.020461,17.984226],[103.037927,17.990686],[103.049399,18.005],[103.058288,18.019263],[103.06821,18.025774],[103.073067,18.035515],[103.064799,18.094039],[103.066349,18.112255],[103.07131,18.125561],[103.07994,18.134786],[103.087703,18.138667],[103.092133,18.140882],[103.092756,18.141194],[103.090586,18.136853],[103.090087,18.136165],[103.089404,18.135223],[103.089087,18.134786],[103.110068,18.141814],[103.126656,18.151865],[103.138593,18.166722],[103.145104,18.188012],[103.150892,18.221499],[103.1573,18.237027],[103.168204,18.249766],[103.17673,18.254856],[103.185205,18.25775],[103.214919,18.262297],[103.236727,18.269997],[103.27352,18.276069],[103.286336,18.280332],[103.295379,18.287774],[103.296516,18.296895],[103.290418,18.305137],[103.248664,18.332629],[103.240189,18.335988],[103.238018,18.341569],[103.235331,18.345264],[103.233678,18.349269],[103.233988,18.35578],[103.244065,18.380068],[103.260756,18.400196],[103.282564,18.41557],[103.306851,18.425672],[103.38664,18.441459],[103.396768,18.441408],[103.451545,18.425311],[103.469942,18.421977],[103.4748,18.422158],[103.489114,18.424432],[103.497744,18.423734],[103.523169,18.417688],[103.5488,18.415415],[103.607143,18.400403],[103.621354,18.390765],[103.629932,18.38322],[103.638614,18.377949],[103.695562,18.353222],[103.709101,18.349708],[103.767185,18.346685],[103.7846,18.343894],[103.801395,18.338262],[103.81726,18.330355],[103.832091,18.320666],[103.842219,18.309116],[103.848989,18.296352],[103.857774,18.286482],[103.873949,18.283226],[103.881287,18.284415],[103.885938,18.286999],[103.889503,18.291159],[103.893689,18.297256],[103.910019,18.315317],[103.929294,18.32759],[103.951257,18.332991],[103.975441,18.330665],[104.000039,18.318444],[104.018643,18.299117],[104.068407,18.215401],[104.110937,18.114554],[104.122357,18.095279],[104.13569,18.079673],[104.198115,18.025568],[104.203329,18.018644],[104.210879,18.008618],[104.255114,17.91498],[104.264312,17.884646],[104.270307,17.874001],[104.278265,17.864647],[104.281982,17.861488],[104.287567,17.856741],[104.352627,17.819327],[104.367769,17.800568],[104.3903,17.75716],[104.404872,17.739952],[104.408903,17.733699],[104.411642,17.727395],[104.417843,17.707602],[104.422287,17.699799],[104.452001,17.665951],[104.481198,17.640423],[104.636383,17.562443],[104.65509,17.556087],[104.702632,17.527303],[104.714517,17.515263],[104.734258,17.486892],[104.749657,17.45816],[104.756789,17.449944],[104.764644,17.444414],[104.781645,17.435268],[104.788932,17.428963],[104.792704,17.423485],[104.816423,17.372791],[104.819317,17.36106],[104.819989,17.348916],[104.816423,17.300082],[104.818335,17.240241],[104.81446,17.194042],[104.809912,17.171666],[104.745317,17.024802],[104.740356,17.002581],[104.74634,16.943532],[104.749657,16.910804],[104.753016,16.899848],[104.762887,16.879074],[104.766401,16.86817],[104.767072,16.85613],[104.765212,16.844658],[104.758442,16.82192],[104.75791,16.818895],[104.756324,16.809879],[104.756789,16.798459],[104.778338,16.715828],[104.77901,16.704873],[104.777563,16.694021],[104.763713,16.656762],[104.753016,16.614801],[104.748417,16.571909],[104.749502,16.549327],[104.754515,16.528915],[104.76516,16.511345],[104.78273,16.497082],[104.838851,16.46773],[104.855491,16.454087],[104.868927,16.438429],[104.879469,16.421841],[104.887737,16.403909],[104.897039,16.372749],[104.901586,16.362465],[104.908046,16.35337],[104.917296,16.345567],[104.944064,16.330839],[104.952074,16.324431],[104.971504,16.304329],[104.979307,16.298645],[104.988028,16.293963],[105.007419,16.283555],[105.015481,16.276734],[105.026385,16.257665],[105.029744,16.236013],[105.028865,16.191468],[105.032586,16.165268],[105.042456,16.141445],[105.058114,16.121188],[105.079301,16.105426],[105.106979,16.095853],[105.237225,16.050804],[105.247405,16.049151],[105.288539,16.047394],[105.404915,16.018817],[105.414475,16.015199],[105.422071,16.009877],[105.423232,16.00504],[105.423932,16.002125],[105.418144,15.994735],[105.407395,15.988896],[105.386518,15.980783],[105.362488,15.95479],[105.360628,15.919391],[105.372565,15.882132],[105.412046,15.79976],[105.423001,15.783896],[105.435662,15.771648],[105.447961,15.764879],[105.462379,15.762812],[105.50341,15.766171],[105.525424,15.763483],[105.568522,15.749376],[105.612912,15.72147],[105.640921,15.68199],[105.650998,15.634602],[105.640869,15.583313],[105.616271,15.521276],[105.612034,15.499468],[105.61038,15.457171],[105.604282,15.439214],[105.592243,15.427546],[105.588366,15.423788],[105.552813,15.402033],[105.5062,15.387589],[105.486253,15.374902],[105.477468,15.352811],[105.483308,15.334517],[105.499017,15.324673],[105.519378,15.321056],[105.53855,15.321521],[105.558032,15.325138],[105.561494,15.320901],[105.564801,15.299455],[105.563975,15.272531],[105.560254,15.270929],[105.531574,15.252894],[105.503927,15.231061],[105.463102,15.189436],[105.454421,15.175535],[105.447703,15.155303],[105.443775,15.133806],[105.44362,15.111353],[105.45194,15.094765],[105.473851,15.09063],[105.498294,15.066136],[105.503565,15.064896],[105.516536,15.067143],[105.520877,15.066136],[105.52315,15.061175],[105.52284,15.050039],[105.524287,15.045956],[105.553536,15.005338],[105.566145,14.995933],[105.566352,14.995933],[105.566455,14.995933],[105.593068,14.990792],[105.58356,14.977588],[105.543924,14.953094],[105.534157,14.934025],[105.550642,14.902296],[105.543046,14.880101],[105.53762,14.878034],[105.52191,14.878705],[105.517776,14.877672],[105.515864,14.871677],[105.516949,14.856536],[105.52408,14.842532],[105.524391,14.837235],[105.52005,14.833463],[105.5062,14.830414],[105.50155,14.827339],[105.49385,14.808994],[105.489147,14.786334],[105.490697,14.763803],[105.50155,14.745949],[105.505115,14.736363],[105.497364,14.690422],[105.495762,14.659881],[105.510128,14.593581],[105.507544,14.564048],[105.495452,14.537124],[105.463671,14.495964],[105.440365,14.475345],[105.433853,14.467929],[105.428892,14.458163],[105.420314,14.435218],[105.415973,14.428164],[105.40569,14.423048],[105.379231,14.418242],[105.367656,14.414548],[105.359646,14.408269],[105.340836,14.390105],[105.3351,14.385712],[105.322232,14.386384],[105.304662,14.398192],[105.29474,14.399071],[105.287712,14.393283],[105.275724,14.372095],[105.268592,14.36437],[105.250454,14.357187],[105.198209,14.345224],[105.184308,14.34574],[105.155007,14.33047],[105.132218,14.280706],[105.101419,14.230528],[105.047314,14.214069],[105.025351,14.224378],[105.00773,14.243835],[104.975949,14.301118],[104.974295,14.309644],[104.978997,14.354965],[104.978739,14.368504],[104.97383,14.380648],[104.955123,14.386281],[104.915621,14.393217],[104.898175,14.39628],[104.890217,14.400233],[104.874249,14.410569],[104.86655,14.413772],[104.857351,14.414134],[104.838489,14.411447],[104.83141,14.411757],[104.81508,14.419844],[104.801851,14.430076],[104.78826,14.438215],[104.771672,14.439869],[104.757926,14.433048],[104.727953,14.409948],[104.712864,14.406848],[104.706198,14.412248],[104.70103,14.430076],[104.692865,14.433978],[104.684648,14.430567],[104.674727,14.414651],[104.66837,14.409638],[104.651369,14.408915],[104.626564,14.419276],[104.610441,14.418966],[104.594628,14.41],[104.583466,14.395815],[104.573854,14.380545],[104.562795,14.368478],[104.542848,14.360391],[104.526519,14.363543],[104.510809,14.370545],[104.492619,14.374007],[104.481974,14.371217],[104.473912,14.365688],[104.467504,14.360081],[104.461975,14.357109],[104.458508,14.357042],[104.452621,14.356928],[104.446007,14.358685],[104.439185,14.361424],[104.325394,14.377625],[104.271237,14.399071],[104.247466,14.401086],[104.232376,14.393128],[104.219147,14.38287],[104.201267,14.377987],[104.189175,14.382302],[104.18349,14.391422],[104.18256,14.400362],[104.185661,14.40398],[104.177031,14.404212],[104.174809,14.401344],[104.173259,14.396022],[104.148454,14.369615],[104.140909,14.365998],[104.128352,14.366359],[104.121272,14.371475],[104.116156,14.37747],[104.110213,14.380441],[104.07373,14.370752],[104.045724,14.357285],[104.045064,14.356968],[104.035954,14.352588],[104.001383,14.345069],[103.973994,14.36729],[103.919837,14.364577],[103.910536,14.356257],[103.908003,14.348324],[103.902784,14.342433],[103.885162,14.340418],[103.870331,14.34326],[103.859169,14.349616],[103.849247,14.357083],[103.838447,14.363388],[103.824029,14.368039],[103.815503,14.367961],[103.807286,14.365998],[103.794212,14.364835],[103.775247,14.366979],[103.716542,14.381526],[103.682229,14.3838],[103.674891,14.386487],[103.671687,14.395608],[103.673857,14.419328],[103.67148,14.42956],[103.665383,14.435942],[103.657166,14.441161],[103.647192,14.443977],[103.637064,14.44328],[103.627452,14.437802],[103.624455,14.430567],[103.622905,14.42248],[103.616807,14.414548],[103.596136,14.404342],[103.581615,14.407416],[103.568127,14.415943],[103.550247,14.42186],[103.533401,14.419069],[103.49485,14.399949],[103.457023,14.374421],[103.449685,14.371579],[103.439246,14.372871],[103.431495,14.377521],[103.426224,14.382508],[103.422503,14.384834],[103.408086,14.380803],[103.380232,14.361063],[103.362869,14.353466],[103.341371,14.350908],[103.273675,14.351063],[103.243278,14.341931],[103.198589,14.328506],[103.138231,14.319747],[103.118026,14.313236],[103.085005,14.295821],[103.01693,14.238872],[103.004854,14.228771],[102.987801,14.219004],[102.950904,14.208643],[102.934058,14.200969],[102.918606,14.185492],[102.914007,14.169343],[102.91393,14.164946],[102.913697,14.151773],[102.911268,14.13211],[102.904085,14.115987],[102.88326,14.086945],[102.876232,14.071313],[102.872873,14.048368],[102.873338,14.033408],[102.869772,14.020618],[102.854993,14.004004],[102.797425,13.960002],[102.772827,13.936076],[102.754379,13.904114],[102.73717,13.849595],[102.729109,13.832154],[102.711281,13.810398],[102.706475,13.801949],[102.703994,13.791769],[102.702651,13.771202],[102.69862,13.761797],[102.674952,13.741901],[102.57439,13.693894],[102.54235,13.669709],[102.541058,13.6486],[102.562504,13.628032],[102.597747,13.60545],[102.579557,13.600489],[102.532532,13.573824],[102.513205,13.567157],[102.452227,13.562171],[102.371301,13.568914],[102.332234,13.5646],[102.313424,13.541009],[102.314767,13.530338],[102.325516,13.51344],[102.329392,13.504345],[102.330115,13.496361],[102.329528,13.484603],[102.329392,13.481866],[102.333629,13.406263],[102.327066,13.34544],[102.328203,13.27516],[102.329187,13.272629],[102.38205,13.136615],[102.401894,13.103],[102.447266,13.050807],[102.463182,13.019284],[102.473156,13.006132],[102.490157,12.996081],[102.490097,12.995188],[102.489744,12.989958],[102.486643,12.98479],[102.481372,12.980552],[102.474086,12.976961],[102.468815,12.973395],[102.467213,12.969468],[102.469073,12.96523],[102.4776,12.957298],[102.478892,12.953629],[102.4776,12.949934],[102.466283,12.937919],[102.464836,12.927532],[102.467885,12.916345],[102.474086,12.90526],[102.479202,12.882109],[102.483336,12.843791],[102.489744,12.823094],[102.495531,12.812682],[102.500492,12.806506],[102.504316,12.799737],[102.506642,12.787515],[102.505557,12.777774],[102.495273,12.746096],[102.495196,12.74603],[102.482716,12.735219],[102.477961,12.719638],[102.47667,12.698451],[102.479253,12.677108],[102.486385,12.661192],[102.495877,12.654152],[102.501784,12.649772],[102.558628,12.63122],[102.588549,12.609826],[102.664823,12.534223],[102.689731,12.519702],[102.696759,12.513087],[102.70048,12.504871],[102.702134,12.488128],[102.704821,12.480325],[102.718412,12.465907],[102.750606,12.449009],[102.762078,12.43609],[102.763751,12.425261],[102.765127,12.416349],[102.756497,12.402242],[102.730659,12.380072],[102.720066,12.36121],[102.715053,12.342194],[102.692212,12.178483],[102.699963,12.138743],[102.751226,12.06097],[102.765012,12.044564],[102.77107,12.037354],[102.787142,12.002628],[102.797115,11.952967],[102.843004,11.866047],[102.885172,11.807704],[102.9138,11.765536],[102.925118,11.725797],[102.928787,11.668695],[102.913585,11.645901]]],[[[97.871837,9.379584],[97.840017,9.404283],[97.835297,9.412055],[97.837738,9.419338],[97.843598,9.424954],[97.850841,9.428371],[97.85727,9.428697],[97.868419,9.420396],[97.874685,9.405707],[97.87615,9.390204],[97.871837,9.379584]]],[[[99.698741,9.542222],[99.703461,9.521308],[99.681488,9.512885],[99.668142,9.519192],[99.698741,9.542222]]],[[[99.684255,9.620022],[99.680431,9.612209],[99.678071,9.610419],[99.676768,9.614569],[99.675304,9.624457],[99.678233,9.624091],[99.680186,9.622545],[99.681814,9.620836],[99.684255,9.620022]]],[[[99.247813,6.574856],[99.260265,6.565823],[99.257579,6.56094],[99.247325,6.557034],[99.217296,6.536933],[99.194835,6.533108],[99.174001,6.539008],[99.158458,6.554389],[99.176443,6.550198],[99.186046,6.559394],[99.195567,6.571234],[99.213715,6.574856],[99.206309,6.574856],[99.239268,6.576809],[99.247813,6.574856]]],[[[99.672374,6.516547],[99.67213,6.50731],[99.670421,6.501451],[99.66627,6.497016],[99.658702,6.492336],[99.646821,6.50967],[99.634148,6.552055],[99.600271,6.583441],[99.603038,6.596991],[99.613943,6.608832],[99.623871,6.622707],[99.625987,6.632799],[99.623546,6.651068],[99.623871,6.657416],[99.629242,6.663642],[99.636404,6.666897],[99.642426,6.671332],[99.64503,6.681057],[99.646495,6.699368],[99.650645,6.71776],[99.656993,6.723822],[99.680512,6.672919],[99.68029,6.624039],[99.696044,6.587453],[99.704438,6.558295],[99.703298,6.544379],[99.699718,6.533271],[99.692638,6.528144],[99.683604,6.526842],[99.675792,6.524563],[99.672374,6.516547]]],[[[99.405447,7.266303],[99.419119,7.256578],[99.445811,7.250922],[99.453868,7.239],[99.440603,7.24022],[99.428233,7.239],[99.417247,7.235338],[99.408865,7.229397],[99.394298,7.205471],[99.383311,7.194078],[99.378184,7.201809],[99.377778,7.252346],[99.385509,7.27558],[99.405447,7.266303]]],[[[99.034923,7.644273],[99.065684,7.615058],[99.075857,7.608954],[99.075938,7.573228],[99.086111,7.536526],[99.10141,7.503567],[99.117442,7.479193],[99.099946,7.467231],[99.077159,7.480292],[99.05714,7.504055],[99.031261,7.561916],[99.028087,7.571723],[99.029063,7.606187],[99.02711,7.62287],[99.020681,7.636868],[99.023204,7.639106],[99.024425,7.639838],[99.025645,7.640937],[99.028087,7.644273],[99.034923,7.644273]]],[[[99.124278,7.657375],[99.127452,7.644355],[99.127452,7.62519],[99.124034,7.606838],[99.117442,7.595893],[99.108735,7.594184],[99.099864,7.596625],[99.093028,7.601264],[99.09018,7.605862],[99.087657,7.612047],[99.081879,7.616034],[99.075206,7.619127],[99.069591,7.622545],[99.044607,7.663398],[99.067068,7.675198],[99.104503,7.669379],[99.124278,7.657375]]],[[[98.540538,8.104926],[98.540375,8.105618],[98.586925,8.079291],[98.602387,8.063463],[98.610362,8.034735],[98.611827,7.926093],[98.603526,7.903754],[98.588227,7.904934],[98.577322,7.919623],[98.570811,7.939358],[98.567556,7.963365],[98.562836,7.978095],[98.563243,7.986314],[98.568044,7.993354],[98.574555,7.994127],[98.580414,7.996161],[98.583018,8.006781],[98.582286,8.015367],[98.5796,8.024563],[98.574392,8.031806],[98.565929,8.034735],[98.554861,8.036933],[98.551117,8.042548],[98.549815,8.050116],[98.536876,8.071194],[98.531016,8.088568],[98.528168,8.107082],[98.528494,8.123481],[98.53297,8.119452],[98.536306,8.115139],[98.540538,8.104926]]],[[[98.41863,7.903754],[98.421886,7.908433],[98.427989,7.913235],[98.431651,7.917426],[98.439626,7.901923],[98.439789,7.886623],[98.431814,7.874945],[98.399669,7.864569],[98.395356,7.850491],[98.398123,7.815009],[98.362315,7.832424],[98.343923,7.832913],[98.336111,7.811265],[98.33253,7.785956],[98.32309,7.770941],[98.309093,7.767727],[98.29184,7.777493],[98.286632,7.791693],[98.281423,7.855943],[98.27768,7.86343],[98.27296,7.870673],[98.269054,7.879136],[98.267751,7.890082],[98.271983,7.893459],[98.28004,7.896918],[98.28533,7.903754],[98.281423,7.917426],[98.275727,7.921047],[98.257986,7.926418],[98.254161,7.92829],[98.258637,7.9383],[98.267589,7.946275],[98.274099,7.953681],[98.271495,7.962104],[98.265961,7.973782],[98.27003,7.983954],[98.277599,7.993557],[98.281423,8.003079],[98.280447,8.014228],[98.276134,8.03384],[98.274425,8.069322],[98.275157,8.07567],[98.277599,8.083157],[98.28533,8.098863],[98.288259,8.109198],[98.290212,8.130113],[98.28891,8.151801],[98.281423,8.191799],[98.285981,8.191148],[98.289073,8.189683],[98.295665,8.184963],[98.302908,8.188056],[98.311534,8.185533],[98.320811,8.179104],[98.330089,8.170478],[98.335704,8.15644],[98.343516,8.109198],[98.34962,8.109198],[98.360118,8.118842],[98.373709,8.110907],[98.389171,8.095445],[98.405528,8.082506],[98.412852,8.094306],[98.422618,8.099311],[98.43214,8.095933],[98.439138,8.082506],[98.438487,8.065741],[98.431895,8.049791],[98.41863,8.027289],[98.417735,8.01911],[98.419932,8.001044],[98.41863,7.99315],[98.414317,7.988918],[98.408214,7.985663],[98.402192,7.981024],[98.398123,7.972642],[98.397472,7.955024],[98.401541,7.935777],[98.408946,7.917711],[98.41863,7.903754]]],[[[98.637543,8.171291],[98.62143,8.102525],[98.62086,8.089993],[98.587657,8.101752],[98.5796,8.106147],[98.570079,8.118883],[98.574718,8.124986],[98.59669,8.130316],[98.592296,8.146796],[98.601817,8.161566],[98.615896,8.176174],[98.624034,8.191799],[98.632091,8.189765],[98.635753,8.185533],[98.637055,8.179348],[98.637543,8.171291]]],[[[98.295665,9.145168],[98.307872,9.133002],[98.317393,9.117133],[98.322765,9.097968],[98.323009,9.076239],[98.302013,9.055162],[98.309337,9.048977],[98.294444,9.041571],[98.274181,9.035956],[98.254242,9.036811],[98.240489,9.048977],[98.240001,9.06269],[98.248383,9.143378],[98.24822,9.150092],[98.250824,9.154039],[98.260916,9.158149],[98.273285,9.15998],[98.282237,9.156724],[98.295665,9.145168]]],[[[100.07016,9.586412],[100.075857,9.585028],[100.085948,9.57453],[100.090668,9.56094],[100.080089,9.549994],[100.071788,9.521674],[100.068614,9.489814],[100.060883,9.463813],[100.031993,9.450181],[100.029633,9.443549],[100.028819,9.435696],[100.02589,9.429145],[100.019298,9.425727],[100.011567,9.425482],[100.003591,9.426215],[99.956309,9.421617],[99.946625,9.418199],[99.940766,9.437486],[99.936697,9.474555],[99.92628,9.493964],[99.941173,9.511868],[99.939626,9.53026],[99.931163,9.54857],[99.92628,9.565985],[99.93629,9.577704],[99.959483,9.580756],[99.984711,9.579006],[100.043712,9.564154],[100.062348,9.567369],[100.07016,9.586412]]],[[[98.411632,9.768297],[98.417817,9.747056],[98.416677,9.733466],[98.398123,9.706244],[98.384939,9.727932],[98.389659,9.742418],[98.40211,9.755845],[98.411632,9.774563],[98.411632,9.768297]]],[[[100.035411,9.7956],[100.067231,9.775621],[100.079275,9.742418],[100.090099,9.665269],[100.078624,9.673814],[100.054047,9.68773],[99.999197,9.710354],[99.987641,9.719916],[99.993337,9.731676],[99.989919,9.742906],[99.970551,9.764594],[99.970714,9.771226],[99.983572,9.791938],[99.987641,9.801825],[99.997895,9.797268],[100.007823,9.796373],[100.026134,9.797756],[100.035411,9.7956]]],[[[102.564138,11.707953],[102.58961,11.710028],[102.605968,11.684516],[102.608165,11.648342],[102.591563,11.618598],[102.591563,11.611762],[102.605724,11.611762],[102.597179,11.598538],[102.594574,11.588853],[102.598318,11.563381],[102.591563,11.563381],[102.584727,11.568834],[102.576996,11.585028],[102.571625,11.591254],[102.562185,11.595649],[102.53004,11.604926],[102.537934,11.61579],[102.542491,11.620673],[102.5442,11.626044],[102.543712,11.638495],[102.540782,11.647895],[102.530935,11.670356],[102.53004,11.68008],[102.549815,11.752346],[102.555186,11.759833],[102.564138,11.755113],[102.56837,11.744045],[102.570811,11.732815],[102.569998,11.720933],[102.564138,11.707953]]],[[[102.399669,12.043158],[102.406505,12.036322],[102.417003,12.017768],[102.43214,12.000393],[102.443126,11.98371],[102.441173,11.967434],[102.427501,11.961371],[102.410981,11.971503],[102.379161,12.002834],[102.375987,11.991156],[102.37794,11.979641],[102.37615,11.970893],[102.362153,11.967434],[102.349132,11.968899],[102.310883,11.981106],[102.310883,11.97484],[102.313813,11.971381],[102.31837,11.961168],[102.312266,11.966132],[102.306407,11.969794],[102.29949,11.97248],[102.290375,11.97484],[102.290375,11.981106],[102.294119,11.994696],[102.2942,12.056789],[102.284679,12.06684],[102.256358,12.131903],[102.27003,12.131903],[102.265961,12.138902],[102.261729,12.144436],[102.256358,12.148993],[102.249522,12.153022],[102.266287,12.152411],[102.293224,12.145413],[102.310883,12.146186],[102.342784,12.123603],[102.355235,12.111314],[102.366222,12.097805],[102.378103,12.071845],[102.386567,12.058336],[102.399669,12.049302],[102.399669,12.043158]]],[[[97.869965,9.425238],[97.84962,9.442125],[97.853282,9.461371],[97.871837,9.473049],[97.895274,9.467353],[97.899425,9.461127],[97.900157,9.45307],[97.898204,9.444973],[97.894786,9.438707],[97.886974,9.438218],[97.877208,9.442084],[97.869884,9.440741],[97.869965,9.425238]]],[[[98.288422,9.004462],[98.299083,8.997382],[98.310883,8.978176],[98.306977,8.957913],[98.293956,8.934638],[98.270518,8.877183],[98.261567,8.878567],[98.253103,8.897854],[98.250987,8.918443],[98.255707,8.939765],[98.25587,8.966376],[98.252208,8.997016],[98.260916,9.012926],[98.279307,9.009345],[98.288422,9.004462]]]]}},{"type":"Feature","properties":{"name":"Singapore","ISO3166-1-Alpha-3":"SGP","ISO3166-1-Alpha-2":"SG"},"geometry":{"type":"Polygon","coordinates":[[[103.960785,1.391099],[103.985688,1.385443],[103.999522,1.380316],[104.003429,1.374172],[103.991873,1.354926],[103.974864,1.334459],[103.954356,1.318101],[103.931895,1.311469],[103.907237,1.308743],[103.887706,1.301256],[103.852712,1.277289],[103.846934,1.271918],[103.844086,1.2685],[103.838878,1.266262],[103.82602,1.264309],[103.801606,1.264797],[103.789561,1.26789],[103.784434,1.273871],[103.77589,1.287584],[103.755138,1.297105],[103.730154,1.302924],[103.708751,1.305243],[103.665294,1.304104],[103.647634,1.308417],[103.640391,1.322252],[103.644705,1.338039],[103.674571,1.380316],[103.678884,1.399237],[103.683849,1.409898],[103.695079,1.421332],[103.708344,1.429389],[103.717947,1.430976],[103.739757,1.428127],[103.762218,1.430976],[103.79005,1.444281],[103.804942,1.448635],[103.831554,1.447089],[103.857188,1.438707],[103.932465,1.401109],[103.960785,1.391099]]]}}],"type":"FeatureCollection"}